학교명,학교급구분,설립형태,교육지원청명,위도,경도,2008년 학생수,2009년 학생수,2010년 학생수,2011년 학생수,2012년 학생수,2013년 학생수,2014년 학생수,2015년 학생수,2016년 학생수,2017년 학생수,2018년 학생수,2019년 학생수,2020년 학생수,2021년 학생수,2022년 학생수
서울마천초등학교,초등학교,공립,서울특별시강동송파교육지원청,37.49550545,127.1526295,1386,1282,1209,1278,1281,1219,1180,1130,1078,1033,1032,995,912,883,884
서울잠일초등학교,초등학교,공립,서울특별시강동송파교육지원청,37.51474166,127.0816362,0,1579,1721,1820,1868,1818,1813,1784,1800,1818,1855,1912,1895,1800,1742
서울명신초등학교,초등학교,공립,서울특별시중부교육지원청,37.58146865,127.0146229,400,421,424,419,389,395,385,413,402,397,383,392,369,336,307
서울서원초등학교,초등학교,공립,서울특별시강남서초교육지원청,37.5024389,127.0146195,1014,936,881,1006,1014,1013,1074,1052,1020,1008,982,1206,1281,1346,1524
서울위례솔초등학교,초등학교,공립,서울특별시강동송파교육지원청,37.48663746,127.1509109,#N/A,#N/A,#N/A,#N/A,#N/A,#N/A,#N/A,#N/A,#N/A,#N/A,#N/A,#N/A,#N/A,#N/A,762
서울영화초등학교,초등학교,공립,서울특별시동작관악교육지원청,37.50914588,126.9336276,1117,1077,1013,920,866,740,661,619,555,510,493,487,490,481,436
서울자곡초등학교,초등학교,공립,서울특별시강남서초교육지원청,37.47219072,127.0996665,#N/A,#N/A,#N/A,#N/A,#N/A,#N/A,#N/A,471,536,559,626,698,664,672,647
서울한남초등학교,초등학교,공립,서울특별시중부교육지원청,37.53920365,127.0055998,639,582,520,484,432,385,362,341,316,304,314,307,284,279,295
서울공진초등학교,초등학교,공립,서울특별시강서양천교육지원청,37.55780477,126.8226104,303,260,218,186,172,140,125,593,664,934,1252,1450,1666,1749,1866
서울신성초등학교,초등학교,공립,서울특별시동작관악교육지원청,37.47200331,126.9367542,1090,993,895,819,796,750,729,737,706,697,679,645,605,553,554
서울논현초등학교,초등학교,공립,서울특별시강남서초교육지원청,37.5084232,127.0262229,709,586,512,469,433,396,380,359,346,356,347,339,309,290,266
서울구룡초등학교,초등학교,공립,서울특별시강남서초교육지원청,37.48119739,127.0517714,1255,1106,967,854,763,641,599,532,491,468,486,492,504,733,745
서울독립문초등학교,초등학교,공립,서울특별시중부교육지원청,37.57421553,126.9599722,738,710,671,643,585,521,463,436,420,437,476,502,496,487,468
서울신내초등학교,초등학교,공립,서울특별시동부교육지원청,37.60493422,127.1001285,894,825,906,900,870,867,905,954,982,971,993,956,885,785,705
서울중곡초등학교,초등학교,공립,서울특별시동부교육지원청,37.57489173,127.083439,1902,1784,1737,1605,1453,1302,1249,1205,1125,1082,1044,982,934,855,842
서울전농초등학교,초등학교,공립,서울특별시동부교육지원청,37.57473031,127.0543331,1100,876,687,606,527,488,653,639,640,665,743,901,927,966,1036
서울잠실초등학교,초등학교,공립,서울특별시강동송파교육지원청,37.52010753,127.1113114,0,998,1113,1147,1142,1131,1161,1123,1151,1183,1262,1227,1100,1123,1095
서울신곡초등학교,초등학교,공립,서울특별시강서양천교육지원청,37.53909546,126.8560096,1391,1292,1185,1061,1002,958,903,836,779,784,791,790,734,678,657
서울불광초등학교,초등학교,공립,서울특별시서부교육지원청,37.61342945,126.9307187,1986,1886,1729,1452,1338,1134,1073,996,981,957,949,844,804,773,733
상명대학교사범대학부속초등학교,초등학교,사립,서울특별시중부교육지원청,37.60044056,126.9567149,370,369,389,386,380,369,357,337,341,339,308,293,289,324,332
서울면동초등학교,초등학교,공립,서울특별시동부교육지원청,37.58535152,127.0865922,2156,2018,1801,1607,1470,1319,1229,1145,1099,1052,1001,975,946,1007,1019
서울영도초등학교,초등학교,공립,서울특별시강서양천교육지원청,37.53596257,126.871927,1945,1825,1763,1671,1570,1424,1327,1256,1209,1187,1179,1205,1211,1220,1188
서울가동초등학교,초등학교,공립,서울특별시강동송파교육지원청,37.49741227,127.1300159,1594,1404,1309,1244,1106,1037,1026,983,950,956,987,947,900,895,853
서울미래초등학교,초등학교,공립,서울특별시남부교육지원청,37.50510665,126.8880137,856,823,798,746,713,701,657,649,630,630,601,604,565,559,551
서울월촌초등학교,초등학교,공립,서울특별시강서양천교육지원청,37.54069543,126.876258,1470,1348,1312,1321,1259,1184,1224,1260,1273,1224,1221,1192,1141,1116,1052
서울은정초등학교,초등학교,공립,서울특별시강서양천교육지원청,37.51112797,126.8670434,674,599,594,533,474,401,353,327,307,314,304,324,346,337,346
서울오금초등학교,초등학교,공립,서울특별시강동송파교육지원청,37.50886634,127.1323312,1208,1122,1035,902,804,731,667,611,576,583,633,591,617,625,654
서울신길초등학교,초등학교,공립,서울특별시동작관악교육지원청,37.51087166,126.9267292,1710,1575,1556,1491,1437,1370,1336,1351,1318,1368,1349,1268,1214,1135,1097
서울대곡초등학교,초등학교,공립,서울특별시강남서초교육지원청,37.49471064,127.0650265,1515,1440,1405,1297,1159,1070,1068,1108,1082,1103,1161,1226,1290,1221,1209
서울오륜초등학교,초등학교,공립,서울특별시강동송파교육지원청,37.51242411,127.1345763,678,623,592,579,576,560,585,610,615,663,677,674,661,610,527
서울개명초등학교,초등학교,공립,서울특별시남부교육지원청,37.48303904,126.8509791,779,734,697,665,627,567,672,688,680,641,649,458,401,330,322
서울신강초등학교,초등학교,공립,서울특별시강서양천교육지원청,37.52584419,126.8422639,1058,968,904,852,807,763,727,697,633,597,569,537,482,462,449
서울가산초등학교,초등학교,공립,서울특별시남부교육지원청,37.47816515,126.8963297,634,589,564,518,464,438,419,412,412,392,355,333,291,276,276
서울정곡초등학교,초등학교,공립,서울특별시강서양천교육지원청,37.57695491,126.8189328,503,501,464,406,388,390,364,333,330,309,276,260,232,193,179
서울원묵초등학교,초등학교,공립,서울특별시동부교육지원청,37.61774881,127.0868142,1364,1288,1177,1134,1078,1047,1046,1003,1034,1067,1113,1135,1149,1126,1061
서울장평초등학교,초등학교,공립,서울특별시동부교육지원청,37.57399502,127.073891,1063,1041,1020,1019,1042,1064,1083,1148,1136,1153,1099,1111,1119,1116,1095
서울안천초등학교,초등학교,공립,서울특별시남부교육지원청,37.45874564,126.88839,848,812,702,648,575,508,447,399,362,310,292,286,283,274,248
서울대진초등학교,초등학교,공립,서울특별시강남서초교육지원청,37.49701211,127.0780425,651,632,578,514,449,399,379,371,316,293,285,316,295,286,275
서울가주초등학교,초등학교,공립,서울특별시강동송파교육지원청,37.49656722,127.1292617,1471,1353,1280,1282,1205,1117,1071,1062,1018,966,927,920,865,845,830
서울염경초등학교,초등학교,공립,서울특별시강서양천교육지원청,37.55500067,126.8712046,1146,1148,1104,1098,1090,1082,1039,1038,987,978,974,954,999,952,909
서울개웅초등학교,초등학교,공립,서울특별시남부교육지원청,37.48857132,126.8499823,1349,1235,1111,1001,861,795,736,697,707,661,630,612,568,530,514
서울연촌초등학교,초등학교,공립,서울특별시북부교육지원청,37.63548118,127.0734648,1200,1083,1009,921,846,799,759,802,776,755,737,679,652,595,561
서울잠전초등학교,초등학교,공립,서울특별시강동송파교육지원청,37.50733791,127.0838499,1361,1244,1130,1028,903,810,763,746,715,711,705,685,619,566,525
서울교육대학교부설초등학교,초등학교,국립,서울특별시강남서초교육지원청,37.49074049,127.0154245,765,767,767,737,690,662,639,629,617,617,631,616,614,611,612
서울신방학초등학교,초등학교,공립,서울특별시북부교육지원청,37.66668425,127.0289181,1140,1046,956,882,784,718,606,558,481,444,441,417,413,391,376
서울신상계초등학교,초등학교,공립,서울특별시북부교육지원청,37.66751782,127.0758263,1059,972,899,832,766,663,610,558,494,444,405,385,427,414,396
서울우장초등학교,초등학교,공립,서울특별시강서양천교육지원청,37.54963819,126.8459842,938,904,778,720,667,589,553,705,787,848,905,958,948,881,903
서울개봉초등학교,초등학교,공립,서울특별시남부교육지원청,37.48952491,126.857976,1669,1642,1549,1514,1426,1378,1368,1378,1335,1271,1278,1247,1137,1024,999
이화여자대학교사범대학부속초등학교,초등학교,사립,서울특별시서부교육지원청,37.56115022,126.9427504,717,720,702,688,672,655,640,623,622,624,624,624,623,624,624
동광초등학교,초등학교,사립,서울특별시남부교육지원청,37.45199688,126.9158199,465,476,492,521,525,480,462,464,461,416,398,384,385,410,452
서울대학교사범대학부설초등학교,초등학교,국립,서울특별시중부교육지원청,37.5775997,127.0042955,790,778,756,743,702,697,694,701,710,665,653,632,627,621,613
서울중계초등학교,초등학교,공립,서울특별시북부교육지원청,37.65784243,127.0733117,1460,1403,1329,1238,1154,1047,981,1036,994,963,928,950,940,944,884
서울염리초등학교,초등학교,공립,서울특별시서부교육지원청,37.54271029,126.945999,1067,1062,1030,1029,1024,1030,1097,1282,1315,1334,1367,1413,1415,1420,1446
서울강서초등학교,초등학교,공립,서울특별시강서양천교육지원청,37.52241272,126.8409879,1577,1482,1402,1375,1291,1223,1252,1258,1230,1211,1219,1243,1124,1082,1026
서울용동초등학교,초등학교,공립,서울특별시북부교육지원청,37.64108381,127.0690818,1140,1032,979,893,803,692,628,583,523,479,440,409,393,319,298
서울방현초등학교,초등학교,공립,서울특별시강남서초교육지원청,37.47650298,126.9900734,552,486,481,453,418,402,357,352,332,323,329,332,332,294,239
서울중현초등학교,초등학교,공립,서울특별시북부교육지원청,37.63251462,127.0659521,661,597,514,472,432,401,372,365,307,269,253,228,177,150,139
서울금천초등학교,초등학교,공립,서울특별시남부교육지원청,37.45481033,126.9128749,438,389,354,289,249,231,216,199,192,186,179,177,146,145,155
서울윤중초등학교,초등학교,공립,서울특별시남부교육지원청,37.51964164,126.9225908,399,383,397,375,409,437,425,428,394,415,419,492,493,500,489
서울봉천초등학교,초등학교,공립,서울특별시동작관악교육지원청,37.4832696,126.9581884,1086,1052,1026,989,924,867,830,848,826,813,828,840,787,743,729
서울중평초등학교,초등학교,공립,서울특별시북부교육지원청,37.63753357,127.0639651,2232,2162,2091,2002,1856,1723,1687,1719,1686,1653,1639,1609,1565,1532,1424
서울자운초등학교,초등학교,공립,서울특별시북부교육지원청,37.65801094,127.0466811,1490,1428,1406,1303,1205,1093,1087,1053,999,961,922,886,792,752,705
서울신당초등학교,초등학교,공립,서울특별시중부교육지원청,37.56362621,127.0236731,549,476,440,433,478,450,427,428,383,349,356,332,343,318,334
서울면중초등학교,초등학교,공립,서울특별시동부교육지원청,37.58244179,127.0965509,961,861,782,699,604,490,424,408,331,297,288,266,271,272,287
서울아주초등학교,초등학교,공립,서울특별시강동송파교육지원청,37.50582689,127.075764,936,868,884,843,781,693,643,650,595,576,562,519,472,457,421
서울보라매초등학교,초등학교,공립,서울특별시동작관악교육지원청,37.49585189,126.9161445,1757,1755,1765,1779,1719,1753,1814,1798,1740,1721,1682,1624,1505,1456,1438
서울남천초등학교,초등학교,공립,서울특별시강동송파교육지원청,37.50144683,127.1507951,1189,1100,1009,945,829,782,755,717,619,577,557,518,453,406,364
서울옥수초등학교,초등학교,공립,서울특별시성동광진교육지원청,37.54552939,127.0218696,726,676,577,482,437,421,413,401,434,462,525,540,538,532,537
서울거여초등학교,초등학교,공립,서울특별시강동송파교육지원청,37.50516942,127.1409011,1073,974,870,802,694,590,511,465,420,411,442,618,650,644,653
서울신용산초등학교,초등학교,공립,서울특별시중부교육지원청,37.52062959,126.9753663,2033,2060,1991,1927,1835,1743,1731,1759,1752,1707,1682,1668,1618,1572,1483
서울동일초등학교,초등학교,공립,서울특별시북부교육지원청,37.66649572,127.0523447,1511,1432,1342,1214,1115,1023,958,892,845,764,731,724,696,683,664
서울온곡초등학교,초등학교,공립,서울특별시북부교육지원청,37.66754054,127.0659829,1291,1233,1145,1047,967,854,818,762,726,726,737,707,675,639,607
서울구암초등학교,초등학교,공립,서울특별시동작관악교육지원청,37.48921747,126.9462717,2369,2282,2250,2165,2027,1928,1915,1881,1796,1771,1754,1723,1624,1496,1464
서울도봉초등학교,초등학교,공립,서울특별시북부교육지원청,37.67996175,127.0382887,763,704,584,546,512,484,465,455,470,485,499,496,454,418,395
서울문성초등학교,초등학교,공립,서울특별시남부교육지원청,37.47491196,126.8994492,952,832,759,681,656,601,560,502,481,454,438,432,396,390,389
서울구로남초등학교,초등학교,공립,서울특별시남부교육지원청,37.48420602,126.8902182,1400,1277,1143,1058,933,793,714,669,636,603,572,567,555,510,468
서울영풍초등학교,초등학교,공립,서울특별시강동송파교육지원청,37.49622,127.1430148,1388,1303,1214,1127,1043,909,858,831,750,649,642,599,543,493,658
서울삼광초등학교,초등학교,공립,서울특별시중부교육지원청,37.54775231,126.9765943,754,704,634,601,567,527,509,478,458,450,456,461,424,413,422
서울문정초등학교,초등학교,공립,서울특별시강동송파교육지원청,37.48907284,127.1290135,1781,1555,1461,1347,1227,1179,1119,1040,991,942,905,878,796,742,719
서울신계초등학교,초등학교,공립,서울특별시북부교육지원청,37.62979163,127.052769,768,745,662,597,539,487,476,436,407,395,399,392,333,290,277
서울광진초등학교,초등학교,공립,서울특별시성동광진교육지원청,37.54761146,127.0913325,1199,1139,1035,959,901,816,777,691,658,646,616,634,575,575,602
서울광희초등학교,초등학교,공립,서울특별시중부교육지원청,37.56729928,127.0156879,472,453,370,312,257,231,241,252,283,308,313,296,272,264,268
서울신천초등학교,초등학교,공립,서울특별시강동송파교육지원청,37.5140111,127.0950476,842,794,766,708,675,595,592,563,526,527,486,457,443,439,419
서울신서초등학교,초등학교,공립,서울특별시강서양천교육지원청,37.52055887,126.8623309,1731,1618,1596,1491,1359,1266,1184,1155,1112,1115,1135,1149,1181,1198,1143
서울장수초등학교,초등학교,공립,서울특별시강서양천교육지원청,37.5129972,126.8451597,721,760,764,733,650,602,566,543,519,520,506,483,453,436,400
서울거원초등학교,초등학교,공립,서울특별시강동송파교육지원청,37.48762503,127.144909,2010,1851,1711,1658,1513,1385,1355,1285,1041,732,700,670,619,799,679
서울난향초등학교,초등학교,공립,서울특별시동작관악교육지원청,37.46282189,126.9183368,1145,1135,1117,1105,1122,1072,1083,1063,1014,952,927,913,858,829,779
서울잠원초등학교,초등학교,공립,서울특별시강남서초교육지원청,37.501859,126.9980966,1040,1028,1591,1625,1702,1718,1807,1877,1818,1812,1755,1591,1467,1405,1659
서울면남초등학교,초등학교,공립,서울특별시동부교육지원청,37.57725972,127.0876664,987,866,806,705,595,502,460,432,403,373,380,378,344,326,321
서울서정초등학교,초등학교,공립,서울특별시강서양천교육지원청,37.52345012,126.8672362,1969,1392,1257,1114,1020,891,858,854,783,774,766,766,782,810,847
서울방일초등학교,초등학교,공립,서울특별시강남서초교육지원청,37.4852056,126.998849,1205,1135,1078,1006,924,877,878,847,848,846,868,883,873,906,979
서울송정초등학교,초등학교,공립,서울특별시강서양천교육지원청,37.56223089,126.8102813,1216,1227,1159,1091,1041,925,897,804,766,723,707,723,653,650,730
서울신원초등학교,초등학교,공립,서울특별시강서양천교육지원청,37.52950283,126.829855,841,753,689,627,595,553,533,524,498,471,464,480,462,439,419
서울송천초등학교,초등학교,공립,서울특별시성북강북교육지원청,37.6149052,127.0237354,1021,901,798,940,853,735,666,605,557,526,539,545,530,536,505
서울신학초등학교,초등학교,공립,서울특별시북부교육지원청,37.66122045,127.0257213,1077,1000,891,817,762,672,624,591,569,534,501,481,446,428,409
청원초등학교,초등학교,사립,서울특별시북부교육지원청,37.66525155,127.0625329,561,591,638,669,661,637,632,654,665,673,668,665,660,671,698
서울숭신초등학교,초등학교,공립,서울특별시성동광진교육지원청,37.56781934,127.0278897,287,255,228,198,183,151,138,184,414,604,680,775,782,842,868
서울신영초등학교,초등학교,공립,서울특별시남부교육지원청,37.50100602,126.8960948,1199,1073,950,905,823,749,724,715,680,645,609,591,542,488,482
서울면일초등학교,초등학교,공립,서울특별시동부교육지원청,37.5920416,127.0997947,1581,1451,1320,1198,1117,1043,1007,950,828,769,767,778,752,680,647
서울당서초등학교,초등학교,공립,서울특별시남부교육지원청,37.53202744,126.8998142,1618,1519,1454,1401,1271,1192,1185,1177,1174,1146,1203,1247,1240,1253,1228
서울목동초등학교,초등학교,공립,서울특별시강서양천교육지원청,37.52280877,126.8721195,2227,1643,1583,1475,1335,1209,1236,1234,1310,1320,1349,1378,1390,1406,1411
금성초등학교,초등학교,사립,서울특별시동부교육지원청,37.61531513,127.0898585,736,725,693,677,660,621,601,574,578,608,597,598,600,617,632
서울청량초등학교,초등학교,공립,서울특별시동부교육지원청,37.5923094,127.0559085,1544,1453,1373,1297,1175,1074,1022,992,924,916,909,800,733,678,655
서울신답초등학교,초등학교,공립,서울특별시동부교육지원청,37.57270461,127.0429617,846,789,716,705,645,596,578,521,474,453,443,477,450,468,499
서울신림초등학교,초등학교,공립,서울특별시동작관악교육지원청,37.47711985,126.9268767,1745,1552,1389,1231,1104,970,889,829,788,729,690,677,663,601,581
서울창경초등학교,초등학교,공립,서울특별시북부교육지원청,37.65660218,127.0346025,1877,1699,1565,1461,1339,1163,1107,1079,1033,984,991,991,934,912,888
서울하늘초등학교,초등학교,공립,서울특별시서부교육지원청,37.5858088,126.8808619,#N/A,#N/A,#N/A,744,938,964,1079,1166,1284,1218,1153,1095,922,739,611
서울사당초등학교,초등학교,공립,서울특별시동작관악교육지원청,37.47383628,126.9733501,1481,1352,1192,1036,908,818,795,712,698,687,682,669,639,603,590
서울답십리초등학교,초등학교,공립,서울특별시동부교육지원청,37.56880432,127.055427,1538,1387,1190,1030,911,819,772,949,935,956,959,981,914,893,913
서울문덕초등학교,초등학교,공립,서울특별시강동송파교육지원청,37.48518009,127.127729,975,905,813,731,637,607,579,554,544,603,614,616,603,596,589
서울은로초등학교,초등학교,공립,서울특별시동작관악교육지원청,37.50314888,126.9599535,1064,917,785,699,615,608,574,580,573,584,555,637,674,682,714
서울원당초등학교,초등학교,공립,서울특별시동작관악교육지원청,37.48128046,126.9562493,472,376,316,289,313,301,304,305,299,277,264,243,218,200,173
서울송화초등학교,초등학교,공립,서울특별시강서양천교육지원청,37.56815047,126.8180329,1447,1386,1401,1310,1193,1116,1075,1233,1234,1208,1279,1319,1328,1250,1207
서울왕북초등학교,초등학교,공립,서울특별시강남서초교육지원청,37.48632828,127.0860547,794,725,657,623,589,496,488,711,714,754,794,839,880,857,910
서울역삼초등학교,초등학교,공립,서울특별시강남서초교육지원청,37.49316528,127.0326527,697,636,603,549,503,466,461,414,406,365,344,338,337,362,364
서울삼릉초등학교,초등학교,공립,서울특별시강남서초교육지원청,37.51325992,127.0469495,597,630,591,588,539,518,536,515,499,502,527,550,557,574,529
서울용곡초등학교,초등학교,공립,서울특별시성동광진교육지원청,37.56710862,127.088453,1446,1273,1129,964,843,732,675,645,600,549,526,524,473,462,438
서울수색초등학교,초등학교,공립,서울특별시서부교육지원청,37.58517215,126.8960121,1378,1193,1047,812,708,649,604,536,434,364,281,193,133,212,244
서울서빙고초등학교,초등학교,공립,서울특별시중부교육지원청,37.52206892,126.9923004,413,366,343,336,568,506,515,509,482,488,474,473,455,424,419
서울은진초등학교,초등학교,공립,서울특별시서부교육지원청,37.63303012,126.920996,#N/A,184,481,558,582,639,688,721,729,713,775,796,784,708,669
서울본동초등학교,초등학교,공립,서울특별시동작관악교육지원청,37.50992508,126.9538508,339,300,278,246,219,202,186,166,148,126,112,102,94,109,120
서울남부초등학교,초등학교,공립,서울특별시동작관악교육지원청,37.48511944,126.9221838,1468,1313,1144,1000,891,789,720,674,627,578,567,528,501,481,496
서울봉현초등학교,초등학교,공립,서울특별시동작관악교육지원청,37.49124068,126.9555874,1869,1749,1639,1561,1447,1280,1223,1181,1110,1047,1003,942,890,857,811
서울삼정초등학교,초등학교,공립,서울특별시강서양천교육지원청,37.58050843,126.8104937,562,472,428,366,354,320,298,304,294,284,258,252,252,227,236
서울덕의초등학교,초등학교,공립,서울특별시남부교육지원청,37.50605683,126.857346,1275,1172,1228,1244,1212,1180,1162,1169,1184,1173,1182,1172,1115,1051,1017
서울대도초등학교,초등학교,공립,서울특별시강남서초교육지원청,37.49260076,127.0533774,2075,2013,1951,1932,1852,1712,1757,1868,1926,1991,2045,2157,2212,2129,2025
서울신동초등학교,초등학교,공립,서울특별시강남서초교육지원청,37.51713004,127.0113904,1920,1780,1797,1753,1649,1517,1500,1483,1470,1546,1555,1503,1468,1365,1279
서울창림초등학교,초등학교,공립,서울특별시북부교육지원청,37.64323708,127.0416041,1691,1511,1410,1329,1230,1127,1144,1082,1025,1041,1049,1061,947,938,935
서울연지초등학교,초등학교,공립,서울특별시북부교육지원청,37.63319251,127.0595343,409,402,377,361,327,309,298,295,275,272,252,264,293,296,289
서울보광초등학교,초등학교,공립,서울특별시중부교육지원청,37.53254047,126.9963946,964,951,867,795,698,645,588,498,470,408,388,344,300,278,250
서울가양초등학교,초등학교,공립,서울특별시강서양천교육지원청,37.56221719,126.8585216,855,797,741,663,584,480,421,355,317,295,261,235,249,217,212
서울종암초등학교,초등학교,공립,서울특별시동부교육지원청,37.58230741,127.0318564,1083,969,885,826,735,694,684,685,677,669,620,573,544,500,464
서울을지초등학교,초등학교,공립,서울특별시북부교육지원청,37.65058885,127.0730918,2177,2065,1962,1869,1760,1637,1598,1609,1554,1598,1631,1688,1668,1594,1531
서울상수초등학교,초등학교,공립,서울특별시북부교육지원청,37.65110502,127.0647586,1670,1576,1464,1363,1300,1193,1140,1123,1034,949,901,863,776,716,644
서울숭인초등학교,초등학교,공립,서울특별시성북강북교육지원청,37.6091602,127.0382341,873,1071,1128,1250,1308,1332,1382,1463,1444,1430,1452,1396,1281,1206,1145
서울일신초등학교,초등학교,공립,서울특별시성북강북교육지원청,37.59881357,127.0401072,784,761,715,842,863,844,844,859,848,844,844,831,831,810,788
서울묵현초등학교,초등학교,공립,서울특별시동부교육지원청,37.6090804,127.0736243,917,860,829,788,723,688,634,643,610,631,636,629,578,537,525
서울상계초등학교,초등학교,공립,서울특별시북부교육지원청,37.65962546,127.066495,654,566,538,477,407,382,365,321,318,336,331,322,295,278,268
서울선유초등학교,초등학교,공립,서울특별시남부교육지원청,37.53287919,126.8927768,627,633,624,586,568,526,498,494,465,442,424,404,387,351,367
서울신중초등학교,초등학교,공립,서울특별시강남서초교육지원청,37.48015788,127.0093433,1185,1117,1109,1052,958,916,892,928,908,906,879,903,928,931,885
서울숭곡초등학교,초등학교,공립,서울특별시성북강북교육지원청,37.60840947,127.0328151,1009,858,828,785,747,714,677,617,561,495,470,466,491,470,621
서울서신초등학교,초등학교,공립,서울특별시서부교육지원청,37.59229405,126.9073823,971,953,921,874,821,781,767,727,697,697,689,648,588,513,485
서울금산초등학교,초등학교,공립,서울특별시남부교육지원청,37.44144269,126.9080871,698,654,570,516,447,403,384,366,365,345,342,342,323,302,295
서울화곡초등학교,초등학교,공립,서울특별시강서양천교육지원청,37.54366962,126.8464717,1449,1425,1325,1278,1182,1111,1033,1039,1023,1040,1058,1043,968,903,822
서울금동초등학교,초등학교,공립,서울특별시남부교육지원청,37.44773848,126.9163989,1305,1272,1210,1089,1057,1023,1032,1044,1023,1019,997,957,862,795,756
성신초등학교,초등학교,사립,서울특별시성북강북교육지원청,37.59462313,127.0231285,565,569,584,564,565,542,544,523,490,483,458,445,445,454,472
서울두산초등학교,초등학교,공립,서울특별시남부교육지원청,37.46754839,126.8909461,1024,944,858,831,760,707,676,673,661,609,563,558,548,521,571
서울방화초등학교,초등학교,공립,서울특별시강서양천교육지원청,37.56870373,126.8074982,1043,929,897,848,808,750,720,681,661,614,605,622,588,573,559
서울대동초등학교,초등학교,공립,서울특별시남부교육지원청,37.49370503,126.9001194,1093,968,824,739,620,555,519,507,507,487,446,445,409,385,339
서울영동초등학교,초등학교,공립,서울특별시남부교육지원청,37.52700691,126.9077034,675,627,587,532,498,475,481,459,461,441,434,430,401,425,409
서울방이초등학교,초등학교,공립,서울특별시강동송파교육지원청,37.51343915,127.1204994,1323,1220,1131,1011,936,849,780,739,698,672,639,608,577,563,566
서울미아초등학교,초등학교,공립,서울특별시성북강북교육지원청,37.61058761,127.0216444,1418,1349,1310,1375,1359,1327,1334,1328,1268,1251,1270,1249,1168,1152,1226
은석초등학교,초등학교,사립,서울특별시동부교육지원청,37.57855999,127.0757616,630,631,645,669,711,735,756,756,711,678,657,658,643,647,676
서울영희초등학교,초등학교,공립,서울특별시강남서초교육지원청,37.4923004,127.0811328,649,585,538,508,447,441,402,385,372,342,357,345,339,336,309
서울용산초등학교,초등학교,공립,서울특별시중부교육지원청,37.53561344,126.9725506,195,193,200,213,198,173,203,220,236,251,269,307,300,331,362
서울버들초등학교,초등학교,공립,서울특별시강동송파교육지원청,37.51028143,127.0889992,843,839,859,834,825,852,907,906,930,979,999,1025,1060,1107,1066
서울청담초등학교,초등학교,공립,서울특별시강남서초교육지원청,37.52828187,127.045153,915,844,835,832,751,692,669,599,560,533,533,510,465,500,495
서울배봉초등학교,초등학교,공립,서울특별시동부교육지원청,37.58008416,127.0668719,1041,1044,907,856,793,738,684,645,582,554,571,506,476,449,460
서울면북초등학교,초등학교,공립,서울특별시동부교육지원청,37.59441816,127.1035478,503,427,357,302,270,235,204,184,184,182,176,167,166,142,129
서울관악초등학교,초등학교,공립,서울특별시동작관악교육지원청,37.48102565,126.9425545,1257,1110,1031,951,869,829,759,713,613,572,533,505,572,591,571
서울미동초등학교,초등학교,공립,서울특별시서부교육지원청,37.56335057,126.9658506,952,873,846,797,745,713,657,649,570,533,487,437,379,314,308
서울은천초등학교,초등학교,공립,서울특별시동작관악교육지원청,37.4865852,126.9426791,1560,1430,1322,1286,1249,1237,1281,1270,1232,1205,1190,1137,1054,1043,980
서울양화초등학교,초등학교,공립,서울특별시강서양천교육지원청,37.5436693,126.873986,1668,1448,1299,1154,1066,944,937,885,847,782,757,734,682,635,635
서울청파초등학교,초등학교,공립,서울특별시중부교육지원청,37.5473049,126.9635439,1357,1227,1110,999,880,775,675,635,591,513,450,447,431,384,370
서울대모초등학교,초등학교,공립,서울특별시강남서초교육지원청,37.48059845,127.0859938,1012,998,991,1004,993,957,986,1044,1044,1085,1093,1084,1084,991,920
경희초등학교,초등학교,사립,서울특별시동부교육지원청,37.59394914,127.054891,760,723,724,702,724,719,709,705,661,641,601,586,582,598,623
서울신남성초등학교,초등학교,공립,서울특별시동작관악교육지원청,37.48815254,126.96487,1067,1012,934,873,807,729,713,666,611,555,537,536,510,528,517
서울선곡초등학교,초등학교,공립,서울특별시북부교육지원청,37.61869442,127.0578029,1566,1449,1322,1197,1169,1031,993,933,908,886,842,804,786,744,688
서울원명초등학교,초등학교,공립,서울특별시강남서초교육지원청,37.50079587,127.0167076,1455,1460,1502,1555,1560,1515,1525,1462,1397,1386,1351,1347,1344,1299,1231
서울도림초등학교,초등학교,공립,서울특별시남부교육지원청,37.50750302,126.9072907,1184,1179,1126,1025,936,847,763,701,604,565,529,536,476,427,406
서울백산초등학교,초등학교,공립,서울특별시남부교육지원청,37.44673975,126.905146,883,794,731,631,588,539,502,461,426,394,368,342,305,288,274
서울삼육초등학교,초등학교,사립,서울특별시동부교육지원청,37.5887715,127.0471713,723,759,771,764,763,762,731,696,666,662,638,664,655,675,716
서울소의초등학교,초등학교,공립,서울특별시서부교육지원청,37.55278186,126.9606556,1096,975,873,792,690,621,557,534,548,531,512,491,474,437,458
서울성산초등학교,초등학교,공립,서울특별시서부교육지원청,37.55342789,126.9109504,1693,1536,1374,1260,1121,1022,995,932,889,856,823,803,726,688,686
서울개화초등학교,초등학교,공립,서울특별시강서양천교육지원청,37.57394373,126.8046464,440,378,344,296,253,252,218,200,165,167,165,140,129,101,104
서울미성초등학교,초등학교,공립,서울특별시동작관악교육지원청,37.47833997,126.9123923,1221,1108,997,894,820,805,817,796,802,805,822,835,792,745,731
서울대영초등학교,초등학교,공립,서울특별시남부교육지원청,37.50267937,126.9063367,1151,1047,912,786,697,656,653,643,639,599,611,656,736,871,954
서울가재울초등학교,초등학교,공립,서울특별시서부교육지원청,37.57376442,126.9183891,#N/A,#N/A,#N/A,#N/A,#N/A,#N/A,#N/A,#N/A,945,1243,1386,1547,1639,1698,1695
서울탑동초등학교,초등학교,공립,서울특별시남부교육지원청,37.45251655,126.9153675,1185,1140,1049,943,839,753,694,627,573,538,535,539,509,491,488
서울수암초등학교,초등학교,공립,서울특별시북부교육지원청,37.64769283,127.0814646,1162,1080,1061,949,854,736,654,669,617,604,610,617,599,581,582
서울신묵초등학교,초등학교,공립,서울특별시동부교육지원청,37.60652285,127.0758358,927,815,724,702,660,599,530,525,500,464,462,447,409,394,374
서울금옥초등학교,초등학교,공립,서울특별시성동광진교육지원청,37.54632146,127.0176012,532,453,420,392,319,340,376,373,377,382,368,342,292,265,278
서울청계초등학교,초등학교,공립,서울특별시북부교육지원청,37.64503406,127.0661389,916,918,822,758,686,622,582,530,444,416,407,390,318,289,292
서울도신초등학교,초등학교,공립,서울특별시남부교육지원청,37.49926789,126.9007141,1067,955,847,779,694,628,612,561,535,501,463,413,345,295,247
서울당산초등학교,초등학교,공립,서울특별시남부교육지원청,37.54011912,126.8962411,849,800,741,706,614,581,562,511,473,459,445,412,363,333,339
서울수송초등학교,초등학교,공립,서울특별시성북강북교육지원청,37.63732397,127.0332067,1988,1807,1612,1482,1335,1200,1143,1079,1015,925,838,823,768,676,639
서울여의도초등학교,초등학교,공립,서울특별시남부교육지원청,37.52320482,126.9367944,1370,1248,1217,1162,1114,1057,1033,1049,1075,1088,1074,1074,1088,1087,1054
서울경인초등학교,초등학교,공립,서울특별시강서양천교육지원청,37.53287102,126.8856957,1214,1097,1077,1069,1052,1011,986,1061,1084,1110,1137,1177,1247,1179,1138
서울율현초등학교,초등학교,공립,서울특별시강남서초교육지원청,37.47451551,127.1082848,#N/A,#N/A,#N/A,#N/A,#N/A,#N/A,#N/A,554,724,778,878,978,1037,1036,949
서울오류초등학교,초등학교,공립,서울특별시남부교육지원청,37.49752741,126.84203,1361,1260,1234,1118,1012,932,875,836,803,783,789,772,732,688,687
서울독산초등학교,초등학교,공립,서울특별시남부교육지원청,37.46565691,126.8997128,1527,1358,1209,1043,935,854,827,814,771,737,718,665,634,605,561
서울난곡초등학교,초등학교,공립,서울특별시동작관악교육지원청,37.4691282,126.9163416,935,852,779,692,616,590,526,489,475,452,459,428,394,369,348
서울전곡초등학교,초등학교,공립,서울특별시동부교육지원청,37.58070429,127.0560124,1269,1168,1103,975,900,811,767,694,595,544,497,466,421,365,325
서울봉은초등학교,초등학교,공립,서울특별시강남서초교육지원청,37.52008269,127.0609329,941,853,772,735,660,604,605,592,597,587,585,585,537,506,489
서울광남초등학교,초등학교,공립,서울특별시성동광진교육지원청,37.54078809,127.1006653,1710,1639,1609,1511,1471,1388,1412,1429,1429,1431,1465,1520,1516,1436,1367
홍익대학교사범대학부속초등학교,초등학교,사립,서울특별시서부교육지원청,37.55964474,126.9132084,556,555,537,537,518,520,521,513,491,483,459,454,452,479,486
서울동구로초등학교,초등학교,공립,서울특별시남부교육지원청,37.49407053,126.8927802,963,886,833,796,725,684,624,573,506,471,456,439,387,376,354
서울옥정초등학교,초등학교,공립,서울특별시성동광진교육지원청,37.54230974,127.0157855,1101,902,898,865,858,822,818,835,820,816,857,852,807,752,725
서울난우초등학교,초등학교,공립,서울특별시동작관악교육지원청,37.47711829,126.9176525,1763,1625,1479,1390,1263,1123,1053,1011,934,918,885,900,834,771,707
서울남사초등학교,초등학교,공립,서울특별시동작관악교육지원청,37.48194349,126.9782341,1142,1083,1043,961,870,818,745,721,662,638,609,587,545,525,527
서울세륜초등학교,초등학교,공립,서울특별시강동송파교육지원청,37.51855781,127.1341633,888,861,809,778,759,703,685,669,674,695,676,688,679,688,637
서울신우초등학교,초등학교,공립,서울특별시동작관악교육지원청,37.46326397,126.9325353,837,827,744,685,620,583,571,545,522,470,437,398,374,335,309
서울신남초등학교,초등학교,공립,서울특별시강서양천교육지원청,37.51652866,126.8447962,832,714,646,478,373,337,342,374,363,287,295,276,439,743,871
서울금양초등학교,초등학교,공립,서울특별시중부교육지원청,37.54094231,126.9618319,1439,1397,1295,1232,1086,995,932,877,792,773,784,738,731,718,684
서울봉래초등학교,초등학교,공립,서울특별시중부교육지원청,37.55641234,126.9652506,694,629,560,504,441,340,306,290,287,273,368,422,419,403,415
서울용두초등학교,초등학교,공립,서울특별시동부교육지원청,37.57641309,127.0283872,672,636,605,597,567,529,498,489,464,450,433,431,406,373,433
서울홍제초등학교,초등학교,공립,서울특별시서부교육지원청,37.59350546,126.9454205,1744,1682,1627,1469,1339,1223,1128,1028,950,920,904,859,841,830,832
서울숭미초등학교,초등학교,공립,서울특별시북부교육지원청,37.65102344,127.0279443,1439,1331,1286,1211,1128,1080,1015,950,949,901,859,812,756,744,699
서울수유초등학교,초등학교,공립,서울특별시성북강북교육지원청,37.63124966,127.0202924,1268,1179,1145,1093,1013,933,914,898,820,797,795,770,710,690,668
서울삼선초등학교,초등학교,공립,서울특별시성북강북교육지원청,37.58714152,127.0126718,1188,1117,1068,1048,1012,972,951,923,889,840,818,777,699,656,618
서울은평초등학교,초등학교,공립,서울특별시서부교육지원청,37.60230404,126.9340336,1574,1408,1285,1170,1025,1001,950,878,723,656,617,565,536,746,933
서울금화초등학교,초등학교,공립,서울특별시서부교육지원청,37.56882755,126.9629414,768,683,604,591,577,563,583,608,654,634,648,600,557,519,465
서울세곡초등학교,초등학교,공립,서울특별시남부교육지원청,37.5050561,126.8491198,1339,1215,1105,981,799,686,607,650,616,590,609,623,573,551,517
서울양명초등학교,초등학교,공립,서울특별시강서양천교육지원청,37.51637495,126.8566349,826,726,647,573,461,405,365,350,321,500,489,522,542,579,629
서울창일초등학교,초등학교,공립,서울특별시북부교육지원청,37.64765764,127.0476085,1522,1434,1303,1201,1112,1046,1026,1035,1007,979,1015,975,944,918,870
서울문교초등학교,초등학교,공립,서울특별시남부교육지원청,37.46672027,126.9088159,884,777,669,599,534,492,437,435,396,363,342,309,284,272,263
서울석촌초등학교,초등학교,공립,서울특별시강동송파교육지원청,37.50263063,127.1052122,1653,1491,1396,1359,1268,1246,1275,1199,1100,1014,971,897,824,773,744
서울포이초등학교,초등학교,공립,서울특별시강남서초교육지원청,37.47591562,127.0525106,1342,1132,989,855,801,673,599,568,508,451,446,434,401,499,479
서울서이초등학교,초등학교,공립,서울특별시강남서초교육지원청,37.49156467,127.025618,1458,1396,1372,1314,1262,1167,1197,1237,1168,1134,1056,1005,966,1153,1430
서울새솔초등학교,초등학교,공립,서울특별시동부교육지원청,37.61798909,127.1113284,#N/A,#N/A,#N/A,#N/A,#N/A,#N/A,335,651,722,784,908,1036,1123,1031,940
서울우암초등학교,초등학교,공립,서울특별시강남서초교육지원청,37.47229555,127.0237234,584,523,488,422,376,364,331,320,305,349,374,370,329,300,285
서울양천초등학교,초등학교,공립,서울특별시강서양천교육지원청,37.57018817,126.8395397,804,764,719,685,639,584,565,530,500,480,491,493,438,382,367
서울잠현초등학교,초등학교,공립,서울특별시강동송파교육지원청,37.52258587,127.1047786,#N/A,602,632,690,714,736,762,754,783,815,806,851,862,913,916
서울동교초등학교,초등학교,공립,서울특별시서부교육지원청,37.55862448,126.9024006,1951,1862,1747,1656,1542,1409,1342,1268,1159,1092,1065,1009,913,862,834
서울대길초등학교,초등학교,공립,서울특별시남부교육지원청,37.49811236,126.9131739,1216,1150,1075,1000,898,803,785,735,661,636,615,601,537,499,454
서울삼일초등학교,초등학교,공립,서울특별시동작관악교육지원청,37.48823549,126.9751016,744,877,923,977,1009,1003,1009,1025,986,985,994,1041,1006,1010,998
서울구현초등학교,초등학교,공립,서울특별시서부교육지원청,37.60984462,126.9057958,#N/A,523,712,694,747,715,728,748,748,730,682,664,624,596,549
서울중원초등학교,초등학교,공립,서울특별시북부교육지원청,37.64398229,127.0627832,1019,936,884,846,802,756,738,737,675,640,583,553,508,456,425
서울송파초등학교,초등학교,공립,서울특별시강동송파교육지원청,37.50713737,127.111119,1649,1518,1354,1277,1110,1008,949,876,826,774,726,686,637,612,569
서울신화초등학교,초등학교,공립,서울특별시북부교육지원청,37.63319504,127.0408842,891,827,768,735,659,618,593,569,508,504,504,484,436,385,369
서울용강초등학교,초등학교,공립,서울특별시서부교육지원청,37.54910215,126.9440443,799,775,724,643,620,559,510,481,436,420,403,475,455,532,526
서울서초초등학교,초등학교,공립,서울특별시강남서초교육지원청,37.49904877,127.0248915,873,857,853,851,806,775,755,768,762,802,970,1004,1084,1074,1057
서울영중초등학교,초등학교,공립,서울특별시남부교육지원청,37.5241433,126.9036955,962,896,819,751,654,546,520,471,461,435,461,446,409,414,438
선일초등학교,초등학교,사립,서울특별시서부교육지원청,37.62030421,126.9119931,532,509,505,506,510,505,506,472,445,433,454,432,426,407,437
서울청덕초등학교,초등학교,공립,서울특별시성북강북교육지원청,37.61203173,127.0003334,1024,938,857,775,720,623,590,533,506,467,462,454,402,376,358
서울대현초등학교,초등학교,공립,서울특별시강남서초교육지원청,37.50372159,127.0635654,1029,920,909,870,754,641,647,677,669,686,685,675,707,685,813
서울상곡초등학교,초등학교,공립,서울특별시북부교육지원청,37.66290401,127.0620747,949,928,864,804,747,686,651,623,578,546,476,455,440,533,523
서울망우초등학교,초등학교,공립,서울특별시동부교육지원청,37.59873698,127.1038418,956,880,817,754,708,606,555,527,506,468,465,423,378,357,345
서울연희초등학교,초등학교,공립,서울특별시서부교육지원청,37.56904593,126.9341423,1789,1710,1652,1522,1399,1305,1205,1140,1029,955,904,846,811,774,724
서울매헌초등학교,초등학교,공립,서울특별시강남서초교육지원청,37.47126248,127.0420698,752,898,904,939,919,852,819,750,722,689,656,646,608,552,554
유석초등학교,초등학교,사립,서울특별시강서양천교육지원청,37.56080588,126.8537249,395,387,380,378,361,337,327,323,317,322,304,300,297,334,336
서울목운초등학교,초등학교,공립,서울특별시강서양천교육지원청,37.52700952,126.8730442,#N/A,1259,1560,1598,1594,1585,1587,1575,1610,1635,1652,1699,1704,1691,1648
서울노원초등학교,초등학교,공립,서울특별시북부교육지원청,37.67359347,127.0584544,551,501,477,432,391,338,329,325,324,300,321,327,308,308,297
서울풍납초등학교,초등학교,공립,서울특별시강동송파교육지원청,37.53440483,127.1172037,1403,1275,1110,1042,945,840,796,745,703,623,562,531,461,427,388
서울화일초등학교,초등학교,공립,서울특별시강서양천교육지원청,37.54072601,126.8474076,1387,1316,1267,1245,1177,1075,1026,945,878,829,815,833,801,721,700
운현초등학교,초등학교,사립,서울특별시중부교육지원청,37.57663053,126.9881575,177,170,168,180,179,177,174,175,176,174,163,173,156,165,179
서울홍은초등학교,초등학교,공립,서울특별시서부교육지원청,37.59754027,126.949458,874,810,707,673,611,572,534,485,444,408,384,370,347,322,325
서울남성초등학교,초등학교,공립,서울특별시동작관악교육지원청,37.48459498,126.9754874,972,796,727,658,614,615,611,634,641,668,673,675,608,600,537
중앙대학교사범대학부속초등학교,초등학교,사립,서울특별시동작관악교육지원청,37.50545264,126.9596777,#N/A,#N/A,947,945,948,919,879,843,804,762,719,722,712,723,727
서울청구초등학교,초등학교,공립,서울특별시중부교육지원청,37.55911668,127.0137244,1743,1659,1321,1206,1113,1029,977,918,836,757,730,720,640,597,570
서울길원초등학교,초등학교,공립,서울특별시성북강북교육지원청,37.60906464,127.0167996,951,1021,1032,1339,1287,1219,1245,1221,1221,1207,1237,1281,1271,1242,1230
서울신미림초등학교,초등학교,공립,서울특별시남부교육지원청,37.50714192,126.8795527,1323,1282,1215,1131,1093,1073,1047,991,998,1005,993,966,907,873,891
서울묵동초등학교,초등학교,공립,서울특별시동부교육지원청,37.60335949,127.0808272,1247,1108,958,896,762,665,570,507,462,460,468,485,452,446,422
서울잠신초등학교,초등학교,공립,서울특별시강동송파교육지원청,37.51411407,127.0879435,0,1432,1507,1586,1547,1586,1614,1653,1661,1640,1649,1681,1653,1559,1490
서울방학초등학교,초등학교,공립,서울특별시북부교육지원청,37.66393373,127.032748,1207,1143,1048,962,884,797,739,697,669,666,672,677,620,595,581
서울증산초등학교,초등학교,공립,서울특별시서부교육지원청,37.58256527,126.9042764,1481,1411,1368,1252,1140,1013,962,899,829,791,716,676,577,545,615
서울대은초등학교,초등학교,공립,서울특별시서부교육지원청,37.61236712,126.9258698,804,717,655,611,554,504,472,464,429,406,396,341,233,189,174
서울공덕초등학교,초등학교,공립,서울특별시서부교육지원청,37.54580335,126.9548231,1095,1006,909,898,868,816,812,800,774,749,710,702,664,694,713
서울양진초등학교,초등학교,공립,서울특별시성동광진교육지원청,37.54457517,127.0983249,1719,1691,1638,1529,1513,1502,1558,1572,1561,1597,1610,1592,1579,1509,1480
서울흑석초등학교,초등학교,공립,서울특별시동작관악교육지원청,37.50829272,126.9651701,788,709,646,647,661,701,677,679,598,550,549,595,573,570,545
서울오현초등학교,초등학교,공립,서울특별시성북강북교육지원청,37.62341912,127.0465761,804,765,728,683,621,591,566,545,510,482,454,414,393,361,324
서울개포초등학교,초등학교,공립,서울특별시강남서초교육지원청,37.48623864,127.0698266,626,516,454,372,304,249,178,175,118,93,0,0,0,0,0
서울풍성초등학교,초등학교,공립,서울특별시강동송파교육지원청,37.52629486,127.1134884,551,490,433,414,384,373,350,344,293,258,242,242,293,320,307
서울개롱초등학교,초등학교,공립,서울특별시강동송파교육지원청,37.49736261,127.1398881,635,715,757,763,765,762,736,704,644,555,508,474,423,402,363
서울신양초등학교,초등학교,공립,서울특별시성동광진교육지원청,37.53462395,127.0699953,1163,1041,933,819,734,692,698,719,678,650,656,578,540,505,487
서울경일초등학교,초등학교,공립,서울특별시성동광진교육지원청,37.5409419,127.0466051,1254,1117,1008,876,784,653,610,538,473,440,402,357,319,282,242
서울등현초등학교,초등학교,공립,서울특별시강서양천교육지원청,37.56145118,126.8475984,1171,1109,1057,986,918,802,761,754,698,697,689,681,631,587,567
서울불암초등학교,초등학교,공립,서울특별시북부교육지원청,37.65078442,127.0806018,1532,1457,1381,1356,1249,1121,1122,1132,1081,1057,1018,1020,1007,930,885
서울정릉초등학교,초등학교,공립,서울특별시성북강북교육지원청,37.61979605,127.0052561,1250,1246,1251,1209,1141,1083,1032,1010,938,896,880,827,783,728,688
서울신현초등학교,초등학교,공립,서울특별시동부교육지원청,37.60581459,127.0935852,1306,1215,1068,959,854,752,698,622,563,536,529,530,487,491,482
서울인헌초등학교,초등학교,공립,서울특별시동작관악교육지원청,37.47675499,126.9598639,2058,1896,1819,1770,1663,1519,1412,1392,1302,1254,1184,1127,1050,971,905
서울방배초등학교,초등학교,공립,서울특별시강남서초교육지원청,37.4867641,126.9871924,1602,1421,1353,1285,1132,1027,993,1002,997,986,994,952,904,888,861
서울탑산초등학교,초등학교,공립,서울특별시강서양천교육지원청,37.56701719,126.8523683,730,682,604,576,513,483,580,654,619,573,552,533,487,463,455
서울강신초등학교,초등학교,공립,서울특별시강서양천교육지원청,37.54209971,126.8295837,1179,1177,1159,1116,1056,998,974,955,999,952,940,932,860,820,774
서울공항초등학교,초등학교,공립,서울특별시강서양천교육지원청,37.56302167,126.8216459,349,286,240,193,179,159,174,1018,1122,1262,1344,1451,1448,1538,1560
서울중광초등학교,초등학교,공립,서울특별시성동광진교육지원청,37.56524214,127.082693,592,538,484,439,384,326,309,280,263,239,245,266,246,240,245
서울서래초등학교,초등학교,공립,서울특별시강남서초교육지원청,37.496404,126.9901565,1659,1543,1554,1563,1476,1408,1367,1384,1327,1333,1356,1378,1360,1378,1373
서울이태원초등학교,초등학교,공립,서울특별시중부교육지원청,37.53647771,126.9876727,507,480,437,409,398,401,410,411,370,350,333,313,298,255,248
서울남산초등학교,초등학교,공립,서울특별시중부교육지원청,37.55978374,126.9867556,272,272,245,225,207,206,204,204,177,162,181,177,183,198,218
서울용원초등학교,초등학교,공립,서울특별시북부교육지원청,37.62992285,127.0689401,1062,1056,1001,978,926,890,860,833,797,761,748,743,714,646,599
서울효제초등학교,초등학교,공립,서울특별시중부교육지원청,37.57268283,127.003491,784,703,600,532,457,413,356,318,277,262,251,224,212,199,189
서울당중초등학교,초등학교,공립,서울특별시남부교육지원청,37.52628923,126.8894135,817,735,701,694,666,648,652,634,604,568,596,572,550,549,570
서울성서초등학교,초등학교,공립,서울특별시서부교육지원청,37.56059575,126.9109242,1184,1111,1040,981,929,843,814,814,785,741,729,688,623,566,525
서울신월초등학교,초등학교,공립,서울특별시강서양천교육지원청,37.54036551,126.8394555,1377,1272,1137,1042,918,839,823,777,725,677,698,694,667,614,614
서울수서초등학교,초등학교,공립,서울특별시강남서초교육지원청,37.49115148,127.1015496,485,454,415,380,351,299,363,281,257,240,201,188,176,150,153
서울천왕초등학교,초등학교,공립,서울특별시남부교육지원청,37.48145598,126.8370629,#N/A,#N/A,#N/A,#N/A,726,806,926,1037,1190,1396,1449,1303,1163,1049,928
서울연가초등학교,초등학교,공립,서울특별시서부교육지원청,37.5795632,126.9173292,2602,2418,2317,2171,2008,1867,1736,1576,1334,1195,1150,1252,1446,1467,1549
서울이수초등학교,초등학교,공립,서울특별시강남서초교육지원청,37.47837133,126.9844171,898,837,794,746,706,678,675,688,678,677,657,610,582,584,569
서울정수초등학교,초등학교,공립,서울특별시성북강북교육지원청,37.60377489,127.0077189,446,422,423,393,371,329,344,340,310,314,306,291,240,233,242
서울상원초등학교,초등학교,공립,서울특별시북부교육지원청,37.66763033,127.0597173,1132,1029,964,922,882,808,755,760,729,666,603,566,511,450,409
서울면목초등학교,초등학교,공립,서울특별시동부교육지원청,37.5906966,127.0872878,1509,1379,1276,1170,1033,977,928,895,845,796,792,780,709,654,608
서울대치초등학교,초등학교,공립,서울특별시강남서초교육지원청,37.49127807,127.0621964,1645,1539,1501,1383,1141,989,940,944,1265,1362,1524,1567,1734,1656,1493
서울구일초등학교,초등학교,공립,서울특별시남부교육지원청,37.49319187,126.8734727,1660,1586,1464,1385,1306,1246,1244,1301,1323,1327,1337,1282,1262,1157,1105
서울가곡초등학교,초등학교,공립,서울특별시강서양천교육지원청,37.55570761,126.8361031,858,868,853,832,816,782,862,885,895,885,917,879,816,834,778
서울정덕초등학교,초등학교,공립,서울특별시성북강북교육지원청,37.59823995,127.0134213,1165,1156,1195,1195,1149,1099,1138,1146,1152,1164,1162,1167,1101,1063,1009
서울신창초등학교,초등학교,공립,서울특별시북부교육지원청,37.63659186,127.0420843,840,757,675,588,488,423,388,357,358,336,351,338,310,293,273
서울화계초등학교,초등학교,공립,서울특별시성북강북교육지원청,37.62388498,127.0297162,1789,1577,1421,1284,1143,1029,974,942,900,879,886,866,819,751,679
서울장안초등학교,초등학교,공립,서울특별시성동광진교육지원청,37.54987645,127.0724025,1779,1040,857,767,686,610,608,602,568,554,534,574,527,520,511
서울혜화초등학교,초등학교,공립,서울특별시중부교육지원청,37.58863443,127.0002536,994,947,875,845,797,742,738,707,676,635,630,616,576,559,532
서울구남초등학교,초등학교,공립,서울특별시성동광진교육지원청,37.53709659,127.0922888,1395,1215,1110,1047,986,885,843,844,812,796,792,841,783,736,697
서울용암초등학교,초등학교,공립,서울특별시중부교육지원청,37.5453029,126.9894348,397,392,353,306,295,252,226,194,188,179,174,160,149,127,123
서울신석초등학교,초등학교,공립,서울특별시서부교육지원청,37.54453582,126.9377793,1157,1053,1035,926,911,815,804,791,764,820,815,822,763,706,706
서울학동초등학교,초등학교,공립,서울특별시강남서초교육지원청,37.51226106,127.0395978,907,843,796,738,633,603,572,555,514,476,480,485,475,488,493
서울성원초등학교,초등학교,공립,서울특별시서부교육지원청,37.56698252,126.9050853,1118,1010,946,900,819,755,763,707,646,585,570,540,444,397,376
서울한서초등학교,초등학교,공립,서울특별시서부교육지원청,37.55364783,126.9497788,478,417,363,319,257,230,210,204,198,184,243,346,406,546,722
서울오류남초등학교,초등학교,공립,서울특별시남부교육지원청,37.48968652,126.8391127,1308,1205,1143,1083,1017,917,1068,1060,1034,1038,1048,814,772,732,705
서울신도림초등학교,초등학교,공립,서울특별시남부교육지원청,37.51198439,126.8832546,1205,1152,1089,1080,1097,1086,1112,1162,1165,1167,1239,1262,1283,1266,1294
서울용마초등학교,초등학교,공립,서울특별시성동광진교육지원청,37.55782735,127.0835274,2010,1906,1757,1582,1460,1347,1261,1291,1239,1233,1278,1277,1217,1126,1128
서울고현초등학교,초등학교,공립,서울특별시강동송파교육지원청,37.55668291,127.1695273,#N/A,#N/A,#N/A,#N/A,#N/A,#N/A,#N/A,#N/A,#N/A,#N/A,#N/A,#N/A,876,1194,1262
서울창도초등학교,초등학교,공립,서울특별시북부교육지원청,37.66413487,127.048784,1558,1394,1315,1195,1115,1043,1002,1002,949,959,970,940,890,833,780
서울송원초등학교,초등학교,공립,서울특별시성동광진교육지원청,37.55415927,127.0695262,#N/A,562,573,530,512,464,442,389,351,332,314,314,285,269,260
서울언주초등학교,초등학교,공립,서울특별시강남서초교육지원청,37.486322,127.036793,1502,1360,1287,1197,1190,1165,1208,1270,1297,1388,1524,1558,1628,1612,1577
서울동원초등학교,초등학교,공립,서울특별시동부교육지원청,37.60457824,127.1044913,746,642,570,511,469,498,465,459,446,435,423,415,404,408,383
서울남정초등학교,초등학교,공립,서울특별시중부교육지원청,37.53567383,126.9648037,451,433,407,381,396,381,428,418,424,443,437,422,363,372,311
동산초등학교,초등학교,사립,서울특별시중부교육지원청,37.55702679,127.0167183,560,552,536,541,534,552,545,552,555,558,535,531,533,546,560
서울누원초등학교,초등학교,공립,서울특별시북부교육지원청,37.68723271,127.0492672,1225,1138,1199,1171,1114,1060,1053,1072,1102,1072,1070,1019,920,808,784
리라초등학교,초등학교,사립,서울특별시중부교육지원청,37.5578197,126.9879121,705,678,643,657,636,629,626,604,594,569,529,518,475,488,480
서울유현초등학교,초등학교,공립,서울특별시성북강북교육지원청,37.63234717,127.011421,743,666,597,527,495,454,431,427,436,442,425,422,399,370,331
서울신은초등학교,초등학교,공립,서울특별시강서양천교육지원청,37.51391281,126.8321696,#N/A,#N/A,#N/A,#N/A,778,888,920,1004,1083,1152,1138,1111,1000,836,720
서울동의초등학교,초등학교,공립,서울특별시성동광진교육지원청,37.55342244,127.0990473,1395,1305,1216,1102,1035,986,944,912,897,842,838,833,807,793,707
서울원효초등학교,초등학교,공립,서울특별시중부교육지원청,37.53616126,126.9515453,1019,1009,945,905,841,806,795,774,760,727,696,668,620,572,540
서울숭례초등학교,초등학교,공립,서울특별시성북강북교육지원청,37.59452119,127.0352972,1269,1178,1193,1136,1073,1000,946,908,891,849,804,805,762,745,705
서울상현초등학교,초등학교,공립,서울특별시동작관악교육지원청,37.49487439,126.9526884,#N/A,#N/A,#N/A,#N/A,#N/A,641,876,950,987,1012,996,957,906,861,780
서울초당초등학교,초등학교,공립,서울특별시북부교육지원청,37.65862783,127.0219562,1400,1305,1266,1217,1140,1070,1101,1094,1081,1044,1031,1000,954,926,910
서울인왕초등학교,초등학교,공립,서울특별시서부교육지원청,37.59023007,126.9448045,1299,1186,1054,961,859,772,708,667,609,563,517,475,432,404,495
서울동신초등학교,초등학교,공립,서울특별시성북강북교육지원청,37.58328787,127.017058,992,877,754,650,517,450,407,389,346,387,423,425,405,411,416
서울연신초등학교,초등학교,공립,서울특별시서부교육지원청,37.62605996,126.9277513,787,671,611,513,445,405,395,371,349,329,333,324,283,258,261
서울내발산초등학교,초등학교,공립,서울특별시강서양천교육지원청,37.55088255,126.8381642,1672,1692,1654,1582,1551,1502,1523,1588,1587,1547,1554,1587,1542,1437,1398
서울대명초등학교,초등학교,공립,서울특별시강동송파교육지원청,37.54766615,127.1532897,1264,1173,1111,1052,991,895,867,848,864,897,968,960,848,790,831
서울덕암초등학교,초등학교,공립,서울특별시북부교육지원청,37.66816023,127.0812564,1343,1301,1247,1204,1084,968,843,757,659,611,604,594,559,546,534
서울공릉초등학교,초등학교,공립,서울특별시북부교육지원청,37.61861443,127.0746314,506,469,449,439,405,388,411,399,400,372,365,369,353,349,339
서울서일초등학교,초등학교,공립,서울특별시강남서초교육지원청,37.48529778,127.0221598,626,569,577,584,573,565,560,550,545,557,554,547,548,558,548
서울개일초등학교,초등학교,공립,서울특별시강남서초교육지원청,37.48621414,127.0577406,845,771,815,785,771,725,783,766,688,716,709,837,945,1004,1078
서울발산초등학교,초등학교,공립,서울특별시강서양천교육지원청,37.55026244,126.8309944,1703,1635,1539,1444,1344,1283,1230,1223,1229,1195,1199,1235,1210,1157,1106
서울진관초등학교,초등학교,공립,서울특별시서부교육지원청,37.64543483,126.9292124,#N/A,895,1014,1052,1054,1070,1065,1022,1005,1007,1030,1029,1018,964,895
서울고척초등학교,초등학교,공립,서울특별시남부교육지원청,37.50094829,126.8569791,827,734,690,672,624,581,544,540,533,509,473,436,388,361,362
서울청룡초등학교,초등학교,공립,서울특별시동작관악교육지원청,37.47672527,126.9512057,768,727,657,668,634,574,562,540,517,493,484,472,431,401,374
서울석계초등학교,초등학교,공립,서울특별시성북강북교육지원청,37.60881368,127.0697321,934,974,995,917,901,892,873,803,732,687,638,592,559,527,480
서울행림초등학교,초등학교,공립,서울특별시동작관악교육지원청,37.48280761,126.9649643,544,499,481,468,413,379,343,329,312,303,288,280,263,249,241
서울송중초등학교,초등학교,공립,서울특별시성북강북교육지원청,37.61700008,127.0314657,1274,1187,1115,1011,926,806,769,734,712,718,725,698,742,746,712
서울군자초등학교,초등학교,공립,서울특별시동부교육지원청,37.56412232,127.0605233,820,729,649,574,503,452,425,394,374,350,351,311,299,291,298
서울신흥초등학교,초등학교,공립,서울특별시남부교육지원청,37.45934816,126.9093508,722,673,615,525,457,415,389,783,737,711,683,687,639,595,540
서울자양초등학교,초등학교,공립,서울특별시성동광진교육지원청,37.53698824,127.0797396,1023,913,828,777,684,612,571,540,510,488,489,473,449,458,467
서울북한산초등학교,초등학교,공립,서울특별시서부교육지원청,37.65363208,126.9504624,195,178,171,149,154,140,128,125,143,144,164,139,122,128,116
서울신북초등학교,초등학교,공립,서울특별시서부교육지원청,37.57110496,126.9053603,1420,1339,1282,1273,1201,1218,1187,1144,1029,1015,971,940,898,841,793
서울동답초등학교,초등학교,공립,서울특별시동부교육지원청,37.57150142,127.0640341,922,894,801,733,667,573,539,523,496,512,513,508,502,473,493
서울태릉초등학교,초등학교,공립,서울특별시북부교육지원청,37.6231024,127.0850589,1776,1647,1555,1492,1379,1277,1212,1170,1099,988,936,880,810,777,871
서울신가초등학교,초등학교,공립,서울특별시강동송파교육지원청,37.5003628,127.1198778,1638,1448,1290,1219,1114,982,916,862,812,743,745,719,678,675,686
서울신목초등학교,초등학교,공립,서울특별시강서양천교육지원청,37.51661098,126.8726408,1554,1423,1329,1224,1105,999,948,972,964,954,988,1029,1069,1042,1047
서울방산초등학교,초등학교,공립,서울특별시강동송파교육지원청,37.50955532,127.1210892,1233,1131,1073,978,896,791,735,719,704,672,724,665,660,635,644
광운초등학교,초등학교,사립,서울특별시성북강북교육지원청,37.61906522,127.0550771,653,666,672,659,650,656,637,628,625,610,593,587,598,610,598
서울백운초등학교,초등학교,공립,서울특별시북부교육지원청,37.65264151,127.0136725,1672,1575,1457,1365,1251,1109,1028,1008,997,952,918,916,863,818,796
서울고산초등학교,초등학교,공립,서울특별시남부교육지원청,37.49897255,126.8647727,864,863,789,764,692,617,602,571,542,522,498,500,472,416,407
서울계상초등학교,초등학교,공립,서울특별시북부교육지원청,37.66219777,127.0686777,1442,1357,1232,1142,1043,927,889,816,771,717,652,622,573,519,483
서울신상도초등학교,초등학교,공립,서울특별시동작관악교육지원청,37.50034802,126.9446159,1660,1620,1562,1509,1397,1306,1260,1211,1224,1328,1360,1403,1374,1438,1463
서울후암초등학교,초등학교,공립,서울특별시중부교육지원청,37.55136541,126.9817243,908,847,776,713,620,596,584,539,522,480,438,388,332,312,296
서울홍연초등학교,초등학교,공립,서울특별시서부교육지원청,37.58211871,126.9306604,1489,1326,1237,1184,1089,1019,967,964,911,887,829,795,744,704,645
서울사근초등학교,초등학교,공립,서울특별시성동광진교육지원청,37.562685,127.047545,490,432,386,347,304,277,265,259,215,207,199,199,176,168,173
서울덕수초등학교,초등학교,공립,서울특별시중부교육지원청,37.56908888,126.9746579,572,576,569,576,555,533,475,485,453,471,478,490,511,483,457
서울북가좌초등학교,초등학교,공립,서울특별시서부교육지원청,37.57722021,126.9077782,2219,1727,1586,1424,1315,1516,1480,1532,1437,1415,1367,1305,1297,1249,1226
서울서강초등학교,초등학교,공립,서울특별시서부교육지원청,37.54869715,126.9268512,1135,1123,1183,1158,1094,1076,1037,1083,984,986,982,1012,1008,984,1022
서울마장초등학교,초등학교,공립,서울특별시성동광진교육지원청,37.56830949,127.042128,1099,1076,1066,976,946,882,846,766,727,672,620,571,530,493,477
서울송전초등학교,초등학교,공립,서울특별시강동송파교육지원청,37.50881326,127.0951265,895,913,941,946,946,881,887,903,859,869,891,878,846,836,824
서울양강초등학교,초등학교,공립,서울특별시강서양천교육지원청,37.52423449,126.8478515,938,867,819,806,740,686,673,694,714,692,666,657,622,532,510
서울안평초등학교,초등학교,공립,서울특별시동부교육지원청,37.56596821,127.0720334,1198,1147,1068,1032,1035,988,1033,1064,1062,1066,1071,1098,1063,1057,1060
숭의초등학교,초등학교,사립,서울특별시중부교육지원청,37.55785307,126.9874816,632,606,628,619,586,587,590,610,627,645,617,581,576,554,534
서울문현초등학교,초등학교,공립,서울특별시강동송파교육지원청,37.48279092,127.1302223,#N/A,#N/A,#N/A,#N/A,#N/A,#N/A,1160,1123,1059,1024,935,906,843,849,849
신광초등학교,초등학교,사립,서울특별시중부교육지원청,37.54289988,126.9694475,414,400,388,394,384,380,373,383,382,377,377,379,372,369,367
서울서교초등학교,초등학교,공립,서울특별시서부교육지원청,37.55488903,126.9243787,1814,1645,1478,1323,1227,1076,1016,936,827,750,680,641,565,508,441
서울계남초등학교,초등학교,공립,서울특별시강서양천교육지원청,37.51016776,126.8600159,1591,1520,1367,1273,1151,1053,991,986,930,888,892,869,827,777,784
서울목원초등학교,초등학교,공립,서울특별시강서양천교육지원청,37.54291947,126.8824459,656,591,532,548,530,471,460,489,517,539,562,543,541,506,474
서울영서초등학교,초등학교,공립,서울특별시남부교육지원청,37.48896082,126.8955833,1062,1046,987,939,964,923,943,964,976,941,926,898,837,763,709
서울성수초등학교,초등학교,공립,서울특별시성동광진교육지원청,37.54433609,127.0631674,1004,897,825,766,669,596,536,504,446,407,344,310,280,276,257
서울숭덕초등학교,초등학교,공립,서울특별시성북강북교육지원청,37.6038198,127.013291,1601,1508,1483,1501,1417,1385,1328,1329,1321,1312,1298,1298,1233,1192,1166
서울안암초등학교,초등학교,공립,서울특별시성북강북교육지원청,37.5871587,127.0220989,687,645,616,565,530,467,431,404,361,327,296,268,224,222,228
서울길동초등학교,초등학교,공립,서울특별시강동송파교육지원청,37.5385062,127.1449729,1502,1383,1303,1216,1150,1069,1051,1013,966,969,938,911,820,809,791
서울홍파초등학교,초등학교,공립,서울특별시동부교육지원청,37.58622252,127.0395199,863,769,690,627,597,518,492,483,404,359,323,298,262,241,220
서울안산초등학교,초등학교,공립,서울특별시서부교육지원청,37.57916901,126.9522097,1251,1161,1086,1011,958,897,847,826,783,769,757,719,709,691,645
서울영본초등학교,초등학교,공립,서울특별시동작관악교육지원청,37.51129869,126.9486724,1096,1094,1074,1079,1061,1057,1055,1050,1032,1014,988,987,991,936,858
서울영신초등학교,초등학교,공립,서울특별시남부교육지원청,37.51017196,126.9181917,1482,1423,1345,1329,1215,1129,1111,1076,1074,989,1008,999,949,868,845
서울홍릉초등학교,초등학교,공립,서울특별시동부교육지원청,37.59068752,127.0477051,969,865,796,742,633,561,519,493,489,459,452,446,418,390,353
서울온수초등학교,초등학교,공립,서울특별시남부교육지원청,37.49400506,126.8259667,1286,1208,1272,1240,1168,1133,1124,1113,1134,1140,1103,1030,965,912,843
경기초등학교,초등학교,사립,서울특별시서부교육지원청,37.56511029,126.9628606,785,756,747,735,734,739,691,665,637,608,583,569,564,570,575
서울삼각산초등학교,초등학교,공립,서울특별시성북강북교육지원청,37.61614897,127.0145684,1790,1753,1706,1644,1570,1510,1467,1392,1359,1317,1250,1226,1181,1168,1090
서울도곡초등학교,초등학교,공립,서울특별시강남서초교육지원청,37.49951141,127.0544655,1118,1018,975,901,822,734,747,797,844,893,910,882,943,954,937
서울언북초등학교,초등학교,공립,서울특별시강남서초교육지원청,37.52012517,127.0447158,1474,1590,1669,1758,1750,1708,1786,1869,1831,1808,1845,1882,1895,1851,1854
계성초등학교,초등학교,사립,서울특별시강남서초교육지원청,37.5049159,126.9968257,720,720,720,720,720,720,724,727,731,729,727,720,712,707,705
화랑초등학교,초등학교,사립,서울특별시북부교육지원청,37.62878266,127.0889915,756,734,720,716,711,709,715,702,711,701,697,685,658,664,676
서울신자초등학교,초등학교,공립,서울특별시성동광진교육지원청,37.53027881,127.0755876,901,831,723,692,606,550,509,482,463,415,405,376,381,352,323
서울응봉초등학교,초등학교,공립,서울특별시성동광진교육지원청,37.55025339,127.0338297,1433,1315,1243,1156,1062,995,963,980,950,958,940,944,851,777,743
서울월정초등학교,초등학교,공립,서울특별시강서양천교육지원청,37.53499419,126.8362936,2159,1976,1852,1728,1608,1459,1350,1268,1191,1141,1121,1109,1016,964,892
충암초등학교,초등학교,사립,서울특별시서부교육지원청,37.58571154,126.9216219,828,787,787,779,741,726,728,717,679,644,609,603,609,667,660
서울대왕초등학교,초등학교,공립,서울특별시강남서초교육지원청,37.46462117,127.1055912,550,508,497,585,651,609,743,785,834,920,935,904,815,754,672
서울행현초등학교,초등학교,공립,서울특별시성동광진교육지원청,37.55770899,127.029368,1457,1362,1282,1206,1127,1101,1048,1057,1014,970,921,805,728,666,629
서울상경초등학교,초등학교,공립,서울특별시북부교육지원청,37.67050507,127.0516742,1351,1275,1183,1112,1018,914,854,780,742,739,740,765,700,660,646
서울연천초등학교,초등학교,공립,서울특별시서부교육지원청,37.62134929,126.9299179,803,708,596,510,408,374,339,336,319,328,333,334,310,259,257
서울장충초등학교,초등학교,공립,서울특별시중부교육지원청,37.55991095,127.0117048,1366,1241,1156,1006,877,742,710,674,580,524,470,483,441,375,353
서울동호초등학교,초등학교,공립,서울특별시성동광진교육지원청,37.54777448,127.0110373,#N/A,#N/A,278,362,393,375,409,443,460,487,502,509,475,444,453
서울삼전초등학교,초등학교,공립,서울특별시강동송파교육지원청,37.50169984,127.0932689,1869,1655,1550,1417,1290,1168,1098,1026,953,942,920,904,829,807,782
서울대신초등학교,초등학교,공립,서울특별시서부교육지원청,37.55795026,126.9480572,373,352,337,299,277,250,260,239,219,205,195,192,179,180,184
한양초등학교,초등학교,사립,서울특별시성동광진교육지원청,37.5607855,127.0439774,767,768,737,702,688,692,693,687,681,634,616,611,604,638,666
서울대방초등학교,초등학교,공립,서울특별시남부교육지원청,37.50290012,126.9190202,915,784,736,651,547,473,455,420,403,384,512,516,758,1182,1301
서울염동초등학교,초등학교,공립,서울특별시강서양천교육지원청,37.55209548,126.8723509,1242,1207,1190,1118,1071,1019,1045,1046,1015,1059,1030,1039,991,988,976
서울상신초등학교,초등학교,공립,서울특별시서부교육지원청,37.59755372,126.9046049,1067,1025,950,881,821,781,753,701,682,661,648,655,629,610,607
서울시흥초등학교,초등학교,공립,서울특별시남부교육지원청,37.45534062,126.9046393,1420,1307,1154,1089,969,908,838,830,788,709,675,628,566,534,491
서울개운초등학교,초등학교,공립,서울특별시성북강북교육지원청,37.60183902,127.0275962,1473,1419,1336,1309,1209,1149,1130,1070,1012,944,908,890,814,740,705
서울영원초등학교,초등학교,공립,서울특별시남부교육지원청,37.51071936,126.9021825,1176,1046,999,928,831,746,721,695,638,615,627,626,590,550,560
서울구로초등학교,초등학교,공립,서울특별시남부교육지원청,37.49746187,126.8865543,1158,1065,947,856,733,669,652,622,569,600,586,567,520,483,457
서울지향초등학교,초등학교,공립,서울특별시강서양천교육지원청,37.51283768,126.8370238,1328,1278,1162,1081,952,884,846,814,748,740,740,737,699,656,654
서울한산초등학교,초등학교,공립,서울특별시강동송파교육지원청,37.52869458,127.1410769,1315,1217,1145,1119,1008,940,956,930,884,839,921,852,805,763,747
명지초등학교,초등학교,사립,서울특별시서부교육지원청,37.58362994,126.9282315,714,720,717,709,712,715,715,714,717,696,676,678,663,657,685
서울북성초등학교,초등학교,공립,서울특별시서부교육지원청,37.55963212,126.9518349,988,949,912,679,480,405,362,351,410,502,607,679,727,922,920
예일초등학교,초등학교,사립,서울특별시서부교육지원청,37.6109459,126.9147928,849,813,773,699,678,651,609,566,544,514,541,501,473,473,476
서울대청초등학교,초등학교,공립,서울특별시강남서초교육지원청,37.4931481,127.0877673,321,299,246,229,216,225,215,211,205,174,169,150,143,132,116
매원초등학교,초등학교,사립,서울특별시성북강북교육지원청,37.59767468,127.0191869,473,487,507,502,540,557,528,509,494,496,476,480,463,480,496
서울창원초등학교,초등학교,공립,서울특별시북부교육지원청,37.65264409,127.0399799,958,866,787,723,657,596,551,531,495,464,424,400,372,346,319
서울창천초등학교,초등학교,공립,서울특별시서부교육지원청,37.55491782,126.9392951,324,313,297,270,252,223,229,209,188,169,144,129,152,150,159
서울백석초등학교,초등학교,공립,서울특별시강서양천교육지원청,37.55364765,126.8624258,1153,1074,1041,950,878,782,744,674,617,555,542,534,504,505,482
서울상암초등학교,초등학교,공립,서울특별시서부교육지원청,37.57633795,126.8923219,888,894,929,913,892,859,858,840,791,732,699,667,605,557,531
서울반원초등학교,초등학교,공립,서울특별시강남서초교육지원청,37.510312,127.0040536,1975,1832,1802,1796,1741,1626,1601,1587,1502,1432,1394,1373,1332,1361,1349
서울압구정초등학교,초등학교,공립,서울특별시강남서초교육지원청,37.53173911,127.0308441,1217,1128,1099,1053,969,934,909,942,953,971,1029,1066,1009,973,915
서울쌍문초등학교,초등학교,공립,서울특별시북부교육지원청,37.64836383,127.0242911,1382,1239,1111,1020,909,836,811,796,761,746,729,690,657,637,620
서울무학초등학교,초등학교,공립,서울특별시성동광진교육지원청,37.56370023,127.0291054,1320,1181,1065,977,841,733,675,643,573,523,515,501,498,449,457
서울오봉초등학교,초등학교,공립,서울특별시북부교육지원청,37.67175795,127.040259,1470,1301,1123,980,869,759,649,553,485,422,385,384,339,340,316
서울중대초등학교,초등학교,공립,서울특별시강동송파교육지원청,37.4998119,127.1136055,1639,1466,1351,1280,1235,1154,1158,1045,1067,1040,1049,1025,1030,1041,1028
서울길음초등학교,초등학교,공립,서울특별시성북강북교육지원청,37.61363115,127.01666,1052,1053,1066,1028,987,967,999,1106,1204,1315,1433,1391,1368,1287,1148
서울강월초등학교,초등학교,공립,서울특별시강서양천교육지원청,37.51634172,126.8334319,1627,1504,1400,1264,1130,1023,963,926,871,837,783,781,732,633,565
서울잠동초등학교,초등학교,공립,서울특별시강동송파교육지원청,37.51833846,127.099931,1384,1195,1097,1012,935,826,821,781,770,766,772,756,803,831,866
서울삼양초등학교,초등학교,공립,서울특별시성북강북교육지원청,37.62329558,127.0161491,1396,1313,1186,1094,969,912,831,769,713,655,630,579,537,468,455
서울우이초등학교,초등학교,공립,서울특별시성북강북교육지원청,37.63865468,127.0148822,2138,1997,1851,1694,1584,1460,1406,1344,1240,1239,1257,1227,1156,1105,1086
서울미양초등학교,초등학교,공립,서울특별시성북강북교육지원청,37.62153242,127.0141334,726,687,668,615,622,640,631,641,594,598,582,557,518,498,465
서울인수초등학교,초등학교,공립,서울특별시성북강북교육지원청,37.64305053,127.0091358,1541,1340,1201,1090,971,898,840,841,819,795,830,834,797,731,681
서울등명초등학교,초등학교,공립,서울특별시강서양천교육지원청,37.56089445,126.8423822,394,378,341,285,254,222,197,169,152,129,124,104,89,90,96
서울수명초등학교,초등학교,공립,서울특별시강서양천교육지원청,37.55277267,126.8238445,908,1371,1489,1537,1506,1501,1499,1388,1350,1286,1304,1253,1166,1042,969
서울동명초등학교,초등학교,공립,서울특별시성동광진교육지원청,37.56812285,127.0351082,1292,980,848,751,649,559,494,452,399,364,363,345,314,310,285
서울노일초등학교,초등학교,공립,서울특별시북부교육지원청,37.67375444,127.0549667,1055,1030,963,876,815,746,666,612,584,557,539,529,516,494,479
서울경수초등학교,초등학교,공립,서울특별시성동광진교육지원청,37.54043667,127.0580668,875,778,732,633,529,476,436,431,375,329,303,281,252,236,235
서울문창초등학교,초등학교,공립,서울특별시동작관악교육지원청,37.48898483,126.9148407,1213,1144,1081,971,858,754,720,662,642,605,584,541,482,436,413
서울강일초등학교,초등학교,공립,서울특별시강동송파교육지원청,37.56525568,127.1772858,0,0,1173,1250,1281,1340,1516,1683,1701,1184,1142,1085,948,776,734
서울양남초등학교,초등학교,공립,서울특별시성동광진교육지원청,37.53112324,127.0892343,428,402,347,286,252,232,209,198,181,178,165,166,153,151,146
서울도성초등학교,초등학교,공립,서울특별시강남서초교육지원청,37.50146201,127.0488722,1186,1168,1252,1336,1389,1453,1551,1604,1571,1635,1687,1740,1840,1888,1839
서울은빛초등학교,초등학교,공립,서울특별시서부교육지원청,37.64266166,126.9190801,#N/A,#N/A,#N/A,600,903,1146,1247,1327,1408,1371,1311,1216,1034,878,705
서울장위초등학교,초등학교,공립,서울특별시성북강북교육지원청,37.61144251,127.0500064,1453,1361,1285,1217,1157,1054,998,932,872,816,760,659,558,509,473
서울장곡초등학교,초등학교,공립,서울특별시성북강북교육지원청,37.61683137,127.0481552,1272,1145,1051,920,776,683,636,580,519,478,472,469,486,714,815
서울문백초등학교,초등학교,공립,서울특별시남부교육지원청,37.44709025,126.8986974,842,737,682,610,704,686,729,774,771,697,731,730,675,649,644
서울위례별초등학교,초등학교,공립,서울특별시강동송파교육지원청,37.47908713,127.1450416,#N/A,#N/A,#N/A,#N/A,#N/A,#N/A,#N/A,#N/A,301,1384,1584,1657,1662,1682,1710
서울중흥초등학교,초등학교,공립,서울특별시동부교육지원청,37.60167188,127.0841422,922,809,745,667,584,493,427,365,310,283,256,245,239,211,203
서울녹천초등학교,초등학교,공립,서울특별시북부교육지원청,37.6285066,127.0631172,707,648,621,550,531,494,468,462,447,423,387,369,332,296,273
동북초등학교,초등학교,사립,서울특별시북부교육지원청,37.65634868,127.0268766,616,589,603,618,636,635,651,677,685,698,699,694,691,707,742
서울충무초등학교,초등학교,공립,서울특별시중부교육지원청,37.56194948,127.0012351,425,375,364,338,306,288,298,290,280,278,256,247,222,205,208
서울연은초등학교,초등학교,공립,서울특별시서부교육지원청,37.59040776,126.9250939,1106,976,864,752,577,523,560,599,628,666,692,708,733,745,816
서울신정초등학교,초등학교,공립,서울특별시강서양천교육지원청,37.53207171,126.8523579,3001,2815,2682,2574,2392,2229,2138,2055,1905,1843,1846,1773,1696,1500,1408
서울광장초등학교,초등학교,공립,서울특별시성동광진교육지원청,37.54854922,127.1017999,427,423,430,399,383,344,345,347,342,333,332,330,319,296,317
서울매동초등학교,초등학교,공립,서울특별시중부교육지원청,37.57749965,126.9669415,274,282,287,274,271,235,260,269,247,272,261,263,217,192,194
서울영남초등학교,초등학교,공립,서울특별시남부교육지원청,37.47612262,126.9092099,768,692,588,504,438,383,374,361,356,335,325,346,320,269,246
서울신대림초등학교,초등학교,공립,서울특별시남부교육지원청,37.49215682,126.9058543,684,607,553,472,448,400,341,332,292,277,276,283,265,356,385
서울성자초등학교,초등학교,공립,서울특별시성동광진교육지원청,37.53149357,127.0834083,848,804,780,728,683,678,711,676,679,699,693,658,611,596,562
상명초등학교,초등학교,사립,서울특별시북부교육지원청,37.64954781,127.0680416,758,766,775,762,750,718,682,687,679,679,667,656,665,696,713
서울토성초등학교,초등학교,공립,서울특별시강동송파교육지원청,37.53188286,127.1156331,1292,1176,1110,1060,998,948,941,922,935,912,881,869,830,788,719
서울경동초등학교,초등학교,공립,서울특별시성동광진교육지원청,37.5438253,127.050074,1550,1488,1426,1394,1347,1248,1226,1144,1095,1090,1066,1072,971,907,862
서울신명초등학교,초등학교,공립,서울특별시강동송파교육지원청,37.54181449,127.1492919,1315,1258,1165,1071,933,825,777,727,663,615,566,534,473,459,450
서울상지초등학교,초등학교,공립,서울특별시서부교육지원청,37.57975102,126.8820736,728,798,856,898,911,926,913,920,851,844,805,775,721,661,628
서울양전초등학교,초등학교,공립,서울특별시강남서초교육지원청,37.49028284,127.0694253,860,775,740,689,641,582,542,515,488,471,479,455,543,563,563
서울명덕초등학교,초등학교,공립,서울특별시강동송파교육지원청,37.55676233,127.1450815,652,1285,1278,1243,1176,1111,1146,1174,1185,1425,1626,1764,1778,1848,1820
서울대림초등학교,초등학교,공립,서울특별시동작관악교육지원청,37.5006148,126.9248833,1959,1780,1640,1510,1385,1292,1302,1229,1265,1235,1228,1169,1103,1013,1039
서울공연초등학교,초등학교,공립,서울특별시북부교육지원청,37.62754753,127.0745089,1199,1113,1019,940,867,794,706,691,650,587,572,574,526,478,462
추계초등학교,초등학교,사립,서울특별시서부교육지원청,37.56317672,126.9540593,365,365,351,339,323,295,292,299,305,315,313,317,325,339,352
서울한강초등학교,초등학교,공립,서울특별시중부교육지원청,37.52522655,126.965079,317,277,235,230,225,198,198,174,180,174,188,198,193,250,226
세종초등학교,초등학교,사립,서울특별시성동광진교육지원청,37.5530111,127.0728646,367,356,344,359,371,365,364,365,374,366,361,359,363,366,364
서울우솔초등학교,초등학교,공립,서울특별시강남서초교육지원청,37.45709258,127.0192756,#N/A,#N/A,#N/A,#N/A,#N/A,338,688,757,830,849,860,875,809,732,653
서울대조초등학교,초등학교,공립,서울특별시서부교육지원청,37.61357914,126.9193022,1937,1716,1552,1442,1316,1209,1130,1065,1023,1004,1004,981,910,849,815
서울선사초등학교,초등학교,공립,서울특별시강동송파교육지원청,37.55584691,127.128196,1815,1673,1547,1415,1325,1239,1194,1118,1034,930,882,860,726,687,638
서울성북초등학교,초등학교,공립,서울특별시성북강북교육지원청,37.59405389,126.9987754,537,510,464,429,396,373,378,360,342,331,303,303,247,236,229
서울노량진초등학교,초등학교,공립,서울특별시동작관악교육지원청,37.51175038,126.9408242,826,744,659,609,544,474,460,407,374,369,342,310,271,271,242
서울세검정초등학교,초등학교,공립,서울특별시중부교육지원청,37.60346883,126.9609387,1351,1224,1111,987,906,826,817,826,827,829,838,864,845,854,866
서울우면초등학교,초등학교,공립,서울특별시강남서초교육지원청,37.46471047,127.0237894,#N/A,#N/A,#N/A,#N/A,262,723,916,1021,1137,1204,1344,1377,1315,1189,1012
서울재동초등학교,초등학교,공립,서울특별시중부교육지원청,37.58002991,126.9851778,451,425,387,351,322,289,263,234,211,208,217,210,209,211,230
서울매봉초등학교,초등학교,공립,서울특별시남부교육지원청,37.50491523,126.8443653,776,703,648,595,550,469,423,393,366,339,334,326,286,269,265
서울등원초등학교,초등학교,공립,서울특별시강서양천교육지원청,37.55981354,126.850069,734,692,572,509,433,364,320,270,236,196,206,171,171,171,162
서울중랑초등학교,초등학교,공립,서울특별시동부교육지원청,37.58966282,127.0755035,1327,1233,1144,1091,970,845,843,829,796,781,775,763,706,689,656
서울신기초등학교,초등학교,공립,서울특별시강서양천교육지원청,37.5113683,126.854213,1141,1039,938,856,803,765,729,685,612,596,580,541,511,464,442
서울성내초등학교,초등학교,공립,서울특별시강동송파교육지원청,37.53135786,127.1225001,1594,1446,1304,1221,1221,1151,1120,1128,1046,990,963,960,890,855,827
성동초등학교,초등학교,사립,서울특별시성동광진교육지원청,37.53328137,127.089281,649,653,652,630,604,606,637,631,636,633,639,654,632,672,718
서울당곡초등학교,초등학교,공립,서울특별시동작관악교육지원청,37.49016812,126.9303698,1597,1453,1310,1152,1075,947,899,869,841,814,767,731,680,614,616
서울월곡초등학교,초등학교,공립,서울특별시성북강북교육지원청,37.61002442,127.046081,1240,1167,1013,879,740,662,634,581,542,533,507,456,421,419,387
서울창신초등학교,초등학교,공립,서울특별시중부교육지원청,37.57621147,127.0142837,1526,1424,1264,1114,989,850,761,681,629,608,582,541,469,424,398
서울등양초등학교,초등학교,공립,서울특별시강서양천교육지원청,37.56494704,126.8447602,662,618,582,530,460,398,345,288,239,191,176,176,177,157,157
서울수락초등학교,초등학교,공립,서울특별시북부교육지원청,37.68450319,127.0551852,1133,1073,1105,1084,1019,893,855,802,699,686,665,638,580,515,502
서울신도초등학교,초등학교,공립,서울특별시서부교육지원청,37.63296389,126.9291989,0,0,359,938,985,1052,1129,1226,1282,1269,1373,1382,1244,1149,1056
서울천호초등학교,초등학교,공립,서울특별시강동송파교육지원청,37.54771897,127.1365923,1569,1520,1394,1302,1191,1076,1002,894,827,789,774,743,697,710,680
서울교동초등학교,초등학교,공립,서울특별시중부교육지원청,37.57500567,126.9881513,121,111,104,97,108,108,117,120,118,125,144,172,180,178,178
서울장월초등학교,초등학교,공립,서울특별시성북강북교육지원청,37.62194109,127.0471628,623,757,796,786,768,722,644,545,461,410,427,435,550,587,646
서울창서초등학교,초등학교,공립,서울특별시서부교육지원청,37.55814305,126.9334809,533,467,419,362,305,293,259,259,242,203,196,182,171,167,163
서울치현초등학교,초등학교,공립,서울특별시강서양천교육지원청,37.57591915,126.8146456,991,957,927,907,896,878,889,875,815,783,774,744,688,598,582
서울염창초등학교,초등학교,공립,서울특별시강서양천교육지원청,37.55322614,126.8676002,1354,1272,1222,1168,1072,996,943,879,816,804,789,884,860,853,905
서울마포초등학교,초등학교,공립,서울특별시서부교육지원청,37.53860225,126.949816,1446,1331,1215,1141,1063,965,962,923,896,871,832,830,770,770,752
서울녹번초등학교,초등학교,공립,서울특별시서부교육지원청,37.60458339,126.9257463,2010,1516,1415,1341,1214,1053,1045,1048,1012,936,897,888,862,796,787
대광초등학교,초등학교,사립,서울특별시성북강북교육지원청,37.57915104,127.0234459,548,538,522,518,506,501,484,487,488,479,484,473,471,467,483
서울강빛초등학교,초등학교,공립,서울특별시강동송파교육지원청,37.57432025,127.1707749,#N/A,#N/A,#N/A,#N/A,#N/A,#N/A,#N/A,#N/A,#N/A,#N/A,#N/A,#N/A,#N/A,485,571
서울영일초등학교,초등학교,공립,서울특별시남부교육지원청,37.48564539,126.8838134,865,757,676,571,505,443,434,391,363,371,345,353,317,292,285
서울신사초등학교,초등학교,공립,서울특별시서부교육지원청,37.5928019,126.9119832,1339,1042,918,799,681,609,566,522,483,482,455,465,437,415,399
서울영문초등학교,초등학교,공립,서울특별시남부교육지원청,37.51980741,126.8875891,1174,1197,1159,1156,1143,1112,1112,1105,1085,1022,1004,1020,1016,1054,1073
서울성일초등학교,초등학교,공립,서울특별시강동송파교육지원청,37.52970924,127.1284083,1668,1573,1479,1339,1275,1157,1105,1080,993,995,1298,1282,1213,1152,1096
서울신봉초등학교,초등학교,공립,서울특별시동작관악교육지원청,37.48557635,126.9493909,985,893,808,713,616,540,482,462,426,370,351,331,310,290,277
서울용답초등학교,초등학교,공립,서울특별시성동광진교육지원청,37.56073011,127.0537608,977,881,784,687,608,543,502,447,395,357,361,310,266,248,230
서울고원초등학교,초등학교,공립,서울특별시남부교육지원청,37.49761122,126.8657993,1059,1034,974,896,836,806,820,770,745,766,730,732,649,636,615
영훈초등학교,초등학교,사립,서울특별시성북강북교육지원청,37.61468187,127.0280933,861,863,864,863,862,842,812,785,746,719,686,684,684,681,682
서울문래초등학교,초등학교,공립,서울특별시남부교육지원청,37.51914038,126.8936057,1140,1168,1151,1155,1134,1100,1129,1189,1146,1179,1208,1243,1207,1161,1176
서울번동초등학교,초등학교,공립,서울특별시성북강북교육지원청,37.62900012,127.0400394,1500,1428,1300,1184,1102,995,952,877,804,786,757,747,679,631,578
서울조원초등학교,초등학교,공립,서울특별시동작관악교육지원청,37.48417783,126.909581,893,836,765,739,657,657,630,603,587,604,564,525,485,451,426
서울원신초등학교,초등학교,공립,서울특별시동작관악교육지원청,37.46719824,126.9272409,921,833,759,688,605,538,466,408,344,298,271,253,227,217,196
서울선린초등학교,초등학교,공립,서울특별시강동송파교육지원청,37.52976012,127.145594,867,782,750,749,693,641,616,576,553,546,554,525,473,436,426
서울휘봉초등학교,초등학교,공립,서울특별시동부교육지원청,37.58567641,127.0700416,1047,1006,1027,1021,984,935,896,868,817,788,765,766,770,733,747
서울행당초등학교,초등학교,공립,서울특별시성동광진교육지원청,37.55701913,127.0348734,930,862,793,806,794,799,800,751,716,657,649,724,678,699,726
서울동자초등학교,초등학교,공립,서울특별시성동광진교육지원청,37.53505821,127.0721792,1831,1685,1619,1586,1466,1376,1369,1306,1272,1252,1275,1267,1178,1145,1141
서울역촌초등학교,초등학교,공립,서울특별시서부교육지원청,37.60158417,126.913928,3221,2571,2302,2187,1969,1814,1764,1761,1744,1787,1809,1795,1678,1579,1448
서울강명초등학교,초등학교,공립,서울특별시강동송파교육지원청,37.55470604,127.1733624,#N/A,#N/A,#N/A,904,1014,1028,1102,1203,1329,1383,1384,1341,1184,967,785
서울흥인초등학교,초등학교,공립,서울특별시중부교육지원청,37.56087001,127.0145555,814,650,585,531,522,479,455,432,419,389,393,384,375,377,369
서울은명초등학교,초등학교,공립,서울특별시서부교육지원청,37.59769681,126.9182757,#N/A,1301,1493,1573,1565,1535,1499,1441,1333,1253,1210,1136,1192,1202,1219
서울망원초등학교,초등학교,공립,서울특별시서부교육지원청,37.56088948,126.9007631,505,487,466,424,408,401,372,349,346,338,334,324,294,266,245
서울갈현초등학교,초등학교,공립,서울특별시서부교육지원청,37.61977964,126.9166834,2778,2548,2302,2120,1895,1687,1550,1476,1404,1379,1367,1331,1270,1187,1123
서울수리초등학교,초등학교,공립,서울특별시서부교육지원청,37.62030737,126.9341783,#N/A,#N/A,#N/A,282,391,490,529,554,540,541,542,510,461,436,435
서울중동초등학교,초등학교,공립,서울특별시서부교육지원청,37.56641061,126.9117752,1300,1019,911,844,772,658,601,607,549,549,571,577,556,522,505
서울구의초등학교,초등학교,공립,서울특별시성동광진교육지원청,37.54300899,127.0803118,1173,1091,969,871,799,730,653,635,608,599,563,543,487,464,516
서울구산초등학교,초등학교,공립,서울특별시서부교육지원청,37.61275096,126.9093765,1866,1451,1310,1221,1199,1120,1109,1113,1062,1084,1089,1071,1028,1004,982
태강삼육초등학교,초등학교,사립,서울특별시북부교육지원청,37.64335737,127.1088503,843,864,850,852,824,797,766,739,767,745,762,764,764,761,769
경복초등학교,초등학교,사립,서울특별시성동광진교육지원청,37.5509798,127.0870952,925,884,869,843,816,803,805,824,835,847,847,818,806,789,771
서울오정초등학교,초등학교,공립,서울특별시남부교육지원청,37.49016566,126.8264392,666,630,623,638,624,584,567,528,512,486,477,446,412,374,368
서울고명초등학교,초등학교,공립,서울특별시강동송파교육지원청,37.55297253,127.1474362,1305,1223,1169,1080,1036,949,915,809,681,608,576,552,661,712,766
서울남명초등학교,초등학교,공립,서울특별시강서양천교육지원청,37.515684,126.8540837,633,601,550,497,438,395,383,361,344,291,272,236,202,398,489
서울휘경초등학교,초등학교,공립,서울특별시동부교육지원청,37.58573583,127.0582142,1192,1057,886,772,654,567,506,442,426,406,382,361,341,306,291
서울언남초등학교,초등학교,공립,서울특별시강남서초교육지원청,37.45411333,127.0614475,257,243,195,181,161,149,154,618,769,866,963,1071,1153,1196,1145
서울신암초등학교,초등학교,공립,서울특별시강동송파교육지원청,37.55002367,127.1244044,1154,1083,1063,1017,966,908,891,863,801,762,765,781,796,751,718
서울삼성초등학교,초등학교,공립,서울특별시동작관악교육지원청,37.46852204,126.9404929,777,694,599,511,484,440,418,419,424,421,427,424,422,389,358
서울상도초등학교,초등학교,공립,서울특별시동작관악교육지원청,37.50034777,126.9372288,1697,1554,1405,1269,1226,1172,1117,1068,1019,1050,1032,1019,988,920,868
서울당현초등학교,초등학교,공립,서울특별시북부교육지원청,37.64826016,127.0582136,1115,1054,988,963,890,809,779,783,746,723,703,653,588,529,535
서울상일초등학교,초등학교,공립,서울특별시강동송파교육지원청,37.54757217,127.1726635,600,566,497,410,349,280,234,215,221,218,297,279,218,196,191
서울중마초등학교,초등학교,공립,서울특별시성동광진교육지원청,37.56579084,127.0790239,1317,1217,1099,947,807,718,647,604,566,538,536,551,485,434,405
서울일원초등학교,초등학교,공립,서울특별시강남서초교육지원청,37.48978808,127.0763669,1320,1163,1146,1076,966,865,852,852,704,523,439,520,499,560,1142
서울금호초등학교,초등학교,공립,서울특별시성동광진교육지원청,37.55196497,127.0197434,1750,1417,1237,1088,913,837,781,732,688,656,613,600,568,545,534
서울정목초등학교,초등학교,공립,서울특별시강서양천교육지원청,37.53652885,126.8700491,2622,2192,2014,1827,1647,1483,1331,1301,1284,1262,1206,1184,1144,1051,979
서울강솔초등학교,초등학교,공립,서울특별시강동송파교육지원청,37.56186962,127.1802671,#N/A,#N/A,#N/A,#N/A,#N/A,#N/A,#N/A,#N/A,#N/A,536,569,518,433,387,391
서울신구로초등학교,초등학교,공립,서울특별시남부교육지원청,37.49966003,126.8897631,1032,926,850,819,754,719,641,611,596,535,516,496,470,432,444
서울전동초등학교,초등학교,공립,서울특별시동부교육지원청,37.57908329,127.0608053,1060,945,865,914,879,819,822,825,798,781,770,820,765,765,696
서울명일초등학교,초등학교,공립,서울특별시강동송파교육지원청,37.5545536,127.1425911,1545,1463,1410,1296,1247,1177,1170,1184,1139,1129,1133,1108,1080,1032,1041
서울금북초등학교,초등학교,공립,서울특별시성동광진교육지원청,37.55749549,127.0235067,1083,1046,1024,1006,954,900,841,809,749,700,764,827,778,757,771
우촌초등학교,초등학교,사립,서울특별시성북강북교육지원청,37.59560791,127.0114325,347,387,426,467,514,557,545,539,552,537,516,519,516,521,544
서울묘곡초등학교,초등학교,공립,서울특별시강동송파교육지원청,37.55871278,127.1530934,1120,995,1063,1015,910,817,780,822,840,1303,1499,1583,1620,1598,1538
서울천일초등학교,초등학교,공립,서울특별시강동송파교육지원청,37.54436122,127.1334367,899,823,737,669,587,520,473,432,405,375,366,362,330,293,298
서울가인초등학교,초등학교,공립,서울특별시북부교육지원청,37.6594678,127.0429509,971,901,864,789,707,651,653,597,544,534,502,503,454,429,436
서울명원초등학교,초등학교,공립,서울특별시강동송파교육지원청,37.55128785,127.1505002,956,938,927,905,883,827,827,880,885,859,845,859,839,806,817
서울금나래초등학교,초등학교,공립,서울특별시남부교육지원청,37.45823,126.8962417,#N/A,#N/A,#N/A,#N/A,#N/A,#N/A,#N/A,#N/A,#N/A,410,550,801,838,902,982
서울아현초등학교,초등학교,공립,서울특별시서부교육지원청,37.5558319,126.9562422,1164,781,656,544,463,389,371,614,611,583,565,539,549,563,585
서울영등포초등학교,초등학교,공립,서울특별시남부교육지원청,37.51294802,126.898215,551,510,467,383,344,300,295,306,299,305,309,301,269,276,273
서울강동초등학교,초등학교,공립,서울특별시강동송파교육지원청,37.5463638,127.1301872,1522,1418,1293,1176,1054,912,854,800,746,674,672,671,607,551,540
서울어울초등학교,초등학교,공립,서울특별시서부교육지원청,37.60656331,126.9350984,#N/A,#N/A,#N/A,#N/A,#N/A,#N/A,#N/A,#N/A,#N/A,#N/A,#N/A,305,384,444,505
서울창동초등학교,초등학교,공립,서울특별시북부교육지원청,37.65536304,127.0448329,772,712,631,610,555,502,480,457,448,429,424,425,426,416,397
서울연광초등학교,초등학교,공립,서울특별시서부교육지원청,37.62364876,126.923909,908,841,720,660,562,503,464,415,365,348,324,298,266,246,243
서울등촌초등학교,초등학교,공립,서울특별시강서양천교육지원청,37.54761422,126.8579422,1886,1245,1090,993,889,763,712,643,593,566,560,547,500,494,490
서울양목초등학교,초등학교,공립,서울특별시강서양천교육지원청,37.52391851,126.8614719,1395,1332,1290,1232,1125,1034,993,993,975,903,896,855,840,750,687
서울고덕초등학교,초등학교,공립,서울특별시강동송파교육지원청,37.56129361,127.1660799,536,486,413,345,280,257,233,202,269,219,218,213,280,362,396
서울등마초등학교,초등학교,공립,서울특별시강서양천교육지원청,37.54204371,126.8616672,#N/A,926,963,992,988,966,1007,947,912,891,875,877,836,819,804
서울상천초등학교,초등학교,공립,서울특별시북부교육지원청,37.64628513,127.0578888,612,561,504,444,390,350,323,304,346,363,361,370,393,382,376
서울등서초등학교,초등학교,공립,서울특별시강서양천교육지원청,37.55188439,126.8550381,787,695,647,606,568,514,489,467,462,345,338,334,301,274,280
서울고은초등학교,초등학교,공립,서울특별시서부교육지원청,37.58500184,126.9439749,1050,974,932,830,734,645,581,546,513,518,500,547,534,509,506
서울석관초등학교,초등학교,공립,서울특별시성북강북교육지원청,37.61102206,127.0583553,1476,1308,1180,1024,933,850,784,764,743,715,653,684,646,640,615
서울청운초등학교,초등학교,공립,서울특별시중부교육지원청,37.58592131,126.9692423,1107,1041,1002,945,872,788,710,683,652,610,601,581,547,522,475
서울세명초등학교,초등학교,공립,서울특별시강남서초교육지원청,37.4688571,127.0910759,#N/A,#N/A,#N/A,#N/A,#N/A,385,714,762,988,1023,1053,1146,1118,1070,1003
서울이문초등학교,초등학교,공립,서울특별시동부교육지원청,37.60189649,127.064885,1630,1500,1363,1226,1071,997,941,905,881,868,924,922,867,808,786
서울정심초등학교,초등학교,공립,서울특별시남부교육지원청,37.47199405,126.9082144,946,846,766,673,589,534,495,466,414,405,392,364,335,332,321
서울양재초등학교,초등학교,공립,서울특별시강남서초교육지원청,37.47416538,127.0318861,658,585,520,488,462,411,466,528,543,577,592,611,623,623,582
서울우신초등학교,초등학교,공립,서울특별시남부교육지원청,37.50986472,126.9118637,1289,1157,1008,902,788,683,624,572,538,465,386,358,302,253,231
한신초등학교,초등학교,사립,서울특별시북부교육지원청,37.65335584,127.0324273,667,671,668,705,708,683,659,637,641,631,551,529,525,529,564
서울월천초등학교,초등학교,공립,서울특별시북부교육지원청,37.64804738,127.0517539,934,860,781,699,636,598,582,558,504,456,455,443,397,389,369
서울돈암초등학교,초등학교,공립,서울특별시성북강북교육지원청,37.59371444,127.0131036,1943,1926,1889,1797,1666,1535,1485,1409,1335,1280,1214,1133,1053,931,838
서울천동초등학교,초등학교,공립,서울특별시강동송파교육지원청,37.5410159,127.1378287,1287,1149,1088,1000,933,907,910,870,863,833,875,879,818,805,809
서울고일초등학교,초등학교,공립,서울특별시강동송파교육지원청,37.55154262,127.1694101,1661,1503,1397,1192,1025,896,811,771,530,219,0,0,960,1593,1713
서울해누리초등학교,초등학교,공립,서울특별시강동송파교육지원청,37.49841159,127.1021242,#N/A,#N/A,#N/A,#N/A,#N/A,#N/A,#N/A,#N/A,#N/A,#N/A,#N/A,449,568,590,610
서울강덕초등학교,초등학교,공립,서울특별시강동송파교육지원청,37.55954748,127.1604836,954,861,719,591,539,466,388,253,0,0,0,0,980,1075,1147
서울응암초등학교,초등학교,공립,서울특별시서부교육지원청,37.58875319,126.9216161,1733,1175,1041,948,1082,1002,941,837,740,661,737,783,752,752,761
서울하늘숲초등학교,초등학교,공립,서울특별시남부교육지원청,37.48469858,126.8424192,#N/A,#N/A,#N/A,#N/A,#N/A,#N/A,#N/A,#N/A,#N/A,#N/A,#N/A,608,690,654,628
서울항동초등학교,초등학교,공립,서울특별시남부교육지원청,37.47701589,126.8241103,#N/A,#N/A,#N/A,#N/A,#N/A,#N/A,#N/A,#N/A,#N/A,#N/A,#N/A,161,754,1002,1165
서울가락초등학교,초등학교,공립,서울특별시강동송파교육지원청,37.50002115,127.1076425,1392,995,834,702,602,177,0,0,0,0,0,812,1006,1071,1167
서울양원숲초등학교,초등학교,공립,서울특별시동부교육지원청,37.60934379,127.1051943,#N/A,#N/A,#N/A,#N/A,#N/A,#N/A,#N/A,#N/A,#N/A,#N/A,#N/A,#N/A,#N/A,#N/A,377
서울봉화초등학교,초등학교,공립,서울특별시동부교육지원청,37.61357623,127.0924085,1263,1199,1155,1078,999,926,875,836,781,698,660,632,577,535,521
서울양원초등학교,초등학교,공립,서울특별시강서양천교육지원청,37.53821733,126.8231052,605,581,531,488,401,312,315,276,300,297,312,294,292,274,243
서울상봉초등학교,초등학교,공립,서울특별시동부교육지원청,37.59797895,127.0831714,1215,1148,1052,942,893,798,767,720,691,704,669,663,644,608,586
서울원광초등학교,초등학교,공립,서울특별시북부교육지원청,37.65431092,127.0749142,1543,1401,1304,1205,1053,894,856,821,754,757,756,769,798,759,731
서울월계초등학교,초등학교,공립,서울특별시북부교육지원청,37.62762424,127.0501876,535,517,460,432,428,411,396,392,357,327,308,295,287,286,286
서울송례초등학교,초등학교,공립,서울특별시강동송파교육지원청,37.4778913,127.1384402,#N/A,#N/A,#N/A,#N/A,#N/A,#N/A,788,1008,958,981,1202,1205,1167,1298,1416
서울강남초등학교,초등학교,공립,서울특별시동작관악교육지원청,37.50619275,126.9533591,2184,2019,1823,1635,1483,1142,1078,993,934,882,877,887,826,791,785
서울원촌초등학교,초등학교,공립,서울특별시강남서초교육지원청,37.50618948,127.0125656,0,694,977,1085,1092,1141,1236,1277,1277,1273,1313,1296,1217,1129,1121
서울가원초등학교,초등학교,공립,서울특별시강동송파교육지원청,37.48944215,127.1110274,901,856,824,782,742,691,662,673,667,651,666,630,627,653,639
서울영림초등학교,초등학교,공립,서울특별시남부교육지원청,37.48734601,126.9025393,419,406,390,349,321,298,299,298,241,242,222,226,205,199,210
서울평화초등학교,초등학교,공립,서울특별시강동송파교육지원청,37.49156712,127.1228237,634,574,511,460,404,356,330,288,262,252,235,224,207,192,176
서울양동초등학교,초등학교,공립,서울특별시강서양천교육지원청,37.52584826,126.8512402,868,763,682,621,540,517,468,441,421,412,457,439,395,363,359
서울중화초등학교,초등학교,공립,서울특별시동부교육지원청,37.60292163,127.094065,1845,1700,1634,1525,1492,1408,1433,1478,1474,1504,1492,1487,1422,1311,1222
서울상월초등학교,초등학교,공립,서울특별시북부교육지원청,37.65865224,127.05698,645,583,546,485,426,364,334,310,267,246,234,203,179,177,186
서울중목초등학교,초등학교,공립,서울특별시동부교육지원청,37.59008735,127.0793361,1308,1158,989,871,763,688,616,560,509,474,442,406,379,380,405
서울동작초등학교,초등학교,공립,서울특별시동작관악교육지원청,37.49410161,126.9765088,943,808,723,619,544,496,500,493,462,433,399,430,418,440,527
서울갈산초등학교,초등학교,공립,서울특별시강서양천교육지원청,37.51237156,126.8702299,1495,1387,1304,1198,1125,1043,975,987,964,964,1007,1041,1065,1034,1069
서울태랑초등학교,초등학교,공립,서울특별시북부교육지원청,37.62878266,127.0889915,1310,1246,1166,1061,1051,1056,1037,1054,1036,1043,1031,984,932,897,921
서울한천초등학교,초등학교,공립,서울특별시북부교육지원청,37.62070936,127.0692435,1504,1424,1355,1322,1287,1174,1092,1070,1011,948,919,915,887,849,829
서울신구초등학교,초등학교,공립,서울특별시강남서초교육지원청,37.52336057,127.0239924,836,759,731,681,616,580,580,594,592,612,551,538,524,497,486
